citation,topic,habitat_type,habitat_subtype,habitat_depth,assemblage_type,species_name_scientific,species_name_common,geographic_region,ecological_fitness_metric,climate_effect,mpa_effect,analytical method,name_of_mpa,Coordinates,Latitude,Longitude,magnitude,mechanism
"Alonso Aller, E., Jiddawi, N. S., & Eklöf, J. S. (2017). Marine protected areas increase temporal stability of community structure, but not density or diversity, of tropical seagrass fish communities. PLoS One, 12(8), e0183999.",assemblage,tropical,seagrass,,all_fish,na,na,western_indo_pacific,density,mortality,no_effect,inside/outside study,Zanzibar (muliple sites),"-6.10798921828292, 39.19526869423181",-6.107989218,39.19526869,,
"Alonso Aller, E., Jiddawi, N. S., & Eklöf, J. S. (2017). Marine protected areas increase temporal stability of community structure, but not density or diversity, of tropical seagrass fish communities. PLoS One, 12(8), e0183999.",assemblage,tropical,seagrass,,all_fish,na,na,western_indo_pacific,diversity,mortality,no_effect,inside/outside study,Zanzibar (muliple sites),"-6.10798921828292, 39.19526869423181",-6.107989218,39.19526869,,
"Alonso Aller, E., Jiddawi, N. S., & Eklöf, J. S. (2017). Marine protected areas increase temporal stability of community structure, but not density or diversity, of tropical seagrass fish communities. PLoS One, 12(8), e0183999.",assemblage,tropical,seagrass,,all_fish,na,na,western_indo_pacific,community_structure,mortality,no_effect,inside/outside study,Zanzibar (muliple sites),"-6.10798921828292, 39.19526869423181",-6.107989218,39.19526869,,
"Alonso Aller, E., Jiddawi, N. S., & Eklöf, J. S. (2017). Marine protected areas increase temporal stability of community structure, but not density or diversity, of tropical seagrass fish communities. PLoS One, 12(8), e0183999.",assemblage,tropical,seagrass,,adult_fish,na,na,western_indo_pacific,community_structure,mortality,positive_ecosystem,inside/outside study,Zanzibar (muliple sites),"-6.10798921828292, 39.19526869423181",-6.107989218,39.19526869,,
"Alonso Aller, E., Jiddawi, N. S., & Eklöf, J. S. (2017). Marine protected areas increase temporal stability of community structure, but not density or diversity, of tropical seagrass fish communities. PLoS One, 12(8), e0183999.",assemblage,tropical,seagrass,,subadult_fish,na,na,western_indo_pacific,community_structure,mortality,no_effect,inside/outside study,Zanzibar (muliple sites),"-6.10798921828292, 39.19526869423181",-6.107989218,39.19526869,,
"Alonso Aller, E., Jiddawi, N. S., & Eklöf, J. S. (2017). Marine protected areas increase temporal stability of community structure, but not density or diversity, of tropical seagrass fish communities. PLoS One, 12(8), e0183999.",assemblage,tropical,seagrass,,juvenille_fish,na,na,western_indo_pacific,density,reproduction,positive_ecosystem,inside/outside study,Zanzibar (muliple sites),"-6.10798921828292, 39.19526869423181",-6.107989218,39.19526869,,"""In general, juvenile fish benefitted more from protection than other life stages, exhibiting higher stability within MPAs than subadult and adult fish. This pattern appeared to be mainly driven by parrotfish (Scaridae), which seemed to recruit to seagrass beds in MPAs throughout all three seasons (accounting for about 50% of the total juvenile fish community)"""
"Alonso Aller, E., Jiddawi, N. S., & Eklöf, J. S. (2017). Marine protected areas increase temporal stability of community structure, but not density or diversity, of tropical seagrass fish communities. PLoS One, 12(8), e0183999.",assemblage,tropical,seagrass,,juvenille_fish,na,na,western_indo_pacific,community_structure,reproduction,positive_ecosystem,inside/outside study,Zanzibar (muliple sites),"-6.10798921828292, 39.19526869423181",-6.107989218,39.19526869,,
"Alvarez-Filip, Lorenzo, et al. ""Drivers of region-wide declines in architectural complexity on Caribbean reefs."" Coral reefs 30 (2011): 1051-1060.",assemblage,tropical,coral_reef,,coral,na,na,tropical_atlantic,coral_rugosity,habitat_formation,negative_ecosystem,meta-analysis,"Caribean, multiple","19.866227090911945, -74.9282619613728",19.86622709,-74.92826196,"""The most rapid rates of decline in rugosity occurred at sites that were impacted only during their survey period, while considerably lower rates of decline were recorded at sites that were impacted both before and during their survey period."" - for hurricane impacts

Rate of decline higher in MPAs, but could just be that they started from a higher point","hurricanes cause immediate direct damage. found minimal effect of bleaching, but didn't report clear results on bleaching effects"
"Amid, C., et al. ""Additive effects of the herbicide glyphosate and elevated temperature on the branched coral Acropora formosa in Nha Trang, Vietnam."" Environmental Science and Pollution Research 25 (2018): 13360-13372.",species,na,na,,na,Acropora formosa,tropical staghorn coral,central_indo_pacific,coral_bleaching,habitat_formation,negative_population,experiment,"Nha Trang bay, Vietnam","12.181965347773822, 109.2721559676836",12.18196535,109.272156,,"These results suggest that the corals in Nha Trang bay have adapted to the ongoing pollution to become more tolerant to anthropogenic stressors, and that multiple stressors hamper this resilience."
"Balemi, Celia A., and Nick T. Shears. ""Emergence of the subtropical sea urchin Centrostephanus rodgersii as a threat to kelp forest ecosystems in northern New Zealand."" Frontiers in Marine Science 10 (2023): 1224067.",species,na,kelp_forest,,na,Centrostephanus rodgersii,long-spined sea urchin,temperate_autralasia,density,movement_range,no_effect,inside/outside study,Poor Knights Islands Marine Reserve,"-35.723588, 174.937622",-35.723588,174.937622,,absence of necessary predator for invasive urchin species
"Balemi, Celia A., and Nick T. Shears. ""Emergence of the subtropical sea urchin Centrostephanus rodgersii as a threat to kelp forest ecosystems in northern New Zealand."" Frontiers in Marine Science 10 (2023): 1224067.",species,na,kelp_forest,,na,Evechinus chloroticus,endemic sea urchin,temperate_autralasia,density,mortality,positive_ecosystem,inside/outside study,Poor Knights Islands Marine Reserve,"-35.723588, 174.937622",-35.723588,174.937622,,urchin barrens reversed via high top-down control (predation)
"Barrientos, S., Barreiro, R., & Piñeiro-Corbeira, C. (2022). Paradoxical failure of Laminaria ochroleuca (Laminariales, Phaeophyceae) to consolidate a kelp forest inside a Marine National Park. European Journal of Phycology, 58(1), 72–82. https://doi.org/10.1080/09670262.2022.2065365",species,temperate,kelp_forest,,na,Laminaria ochroleuca,brown kelp,temperate_northern_atlantic,abundance,habitat_formation,negative_population,inside/outside study,Islas Atlánticas National Park,"42.364625266651984, -8.862964004645713",42.36462527,-8.862964005,,"Populations outside the MPA were the typical canopy forests expected for a perennial kelp, stable year-round and composed mostly of adults. Inside the MPA, however, grazing prevented the canopy phase from being reached."
"Barrientos, S., Barreiro, R., & Piñeiro-Corbeira, C. (2022). Paradoxical failure of Laminaria ochroleuca (Laminariales, Phaeophyceae) to consolidate a kelp forest inside a Marine National Park. European Journal of Phycology, 58(1), 72–82. https://doi.org/10.1080/09670262.2022.2065365",species,temperate,kelp_forest,,na,Laminaria ochroleuca,brown kelp,temperate_northern_atlantic,biomass,habitat_formation,negative_population,inside/outside study,Islas Atlánticas National Park,"42.364625266651984, -8.862964004645713",42.36462527,-8.862964005,,
"Barrientos, S., Barreiro, R., & Piñeiro-Corbeira, C. (2022). Paradoxical failure of Laminaria ochroleuca (Laminariales, Phaeophyceae) to consolidate a kelp forest inside a Marine National Park. European Journal of Phycology, 58(1), 72–82. https://doi.org/10.1080/09670262.2022.2065365",species,temperate,kelp_forest,,na,Laminaria ochroleuca,brown kelp,temperate_northern_atlantic,benthic_cover,habitat_formation,negative_population,inside/outside study,Islas Atlánticas National Park,"42.364625266651984, -8.862964004645713",42.36462527,-8.862964005,,
"Bates, Amanda E., et al. ""Biological interactions both facilitate and resist climate-related functional change in temperate reef communities."" Proceedings of the Royal Society B: Biological Sciences 284.1856 (2017): 20170484.",assemblage,temperate,rocky_reef,,cool-water_macroalgae,na,na,temperate_autralasia,abundance,habitat_formation,positive_ecosystem,inside/outside study,Maria Island Marine Reserve,"-42.59074268063579, 147.99990955605392",-42.59074268,147.9999096,,
"Bates, Amanda E., et al. ""Biological interactions both facilitate and resist climate-related functional change in temperate reef communities."" Proceedings of the Royal Society B: Biological Sciences 284.1856 (2017): 20170484.",assemblage,temperate,rocky_reef,,cool-water_invertebrates,na,na,temperate_autralasia,abundance,mortality,positive_ecosystem,inside/outside study,Maria Island Marine Reserve,"-42.59074268063579, 147.99990955605392",-42.59074268,147.9999096,,
"Bates, Amanda E., et al. ""Biological interactions both facilitate and resist climate-related functional change in temperate reef communities."" Proceedings of the Royal Society B: Biological Sciences 284.1856 (2017): 20170484.",assemblage,temperate,rocky_reef,,cool-water_fish,na,na,temperate_autralasia,abundance,mortality,positive_ecosystem,inside/outside study,Maria Island Marine Reserve,"-42.59074268063579, 147.99990955605392",-42.59074268,147.9999096,,
"Bates, Amanda E., et al. ""Biological interactions both facilitate and resist climate-related functional change in temperate reef communities."" Proceedings of the Royal Society B: Biological Sciences 284.1856 (2017): 20170484.",assemblage,temperate,rocky_reef,,sessile_invertebrates,na,na,temperate_autralasia,richness,mortality,negative_ecosystem,inside/outside study,Maria Island Marine Reserve,"-42.59074268063579, 147.99990955605392",-42.59074268,147.9999096,,
"Bates, Amanda E., et al. ""Biological interactions both facilitate and resist climate-related functional change in temperate reef communities."" Proceedings of the Royal Society B: Biological Sciences 284.1856 (2017): 20170484.",assemblage,temperate,rocky_reef,,sessile_invertebrates,na,na,temperate_autralasia,abundance,mortality,negative_ecosystem,inside/outside study,Maria Island Marine Reserve,"-42.59074268063579, 147.99990955605392",-42.59074268,147.9999096,,
"Bates, Amanda E., et al. ""Biological interactions both facilitate and resist climate-related functional change in temperate reef communities."" Proceedings of the Royal Society B: Biological Sciences 284.1856 (2017): 20170484.",assemblage,temperate,rocky_reef,,piscivorous_fish,na,na,temperate_autralasia,abundance,mortality,positive_ecosystem,inside/outside study,Maria Island Marine Reserve,"-42.59074268063579, 147.99990955605392",-42.59074268,147.9999096,,likely due to higher predator population
"Bates, Amanda E., et al. ""Biological interactions both facilitate and resist climate-related functional change in temperate reef communities."" Proceedings of the Royal Society B: Biological Sciences 284.1856 (2017): 20170484.",assemblage,temperate,rocky_reef,,mobile_invertebrates,na,na,temperate_autralasia,richness,mortality,negative_ecosystem,inside/outside study,Maria Island Marine Reserve,"-42.59074268063579, 147.99990955605392",-42.59074268,147.9999096,,
"Bates, Amanda E., et al. ""Biological interactions both facilitate and resist climate-related functional change in temperate reef communities."" Proceedings of the Royal Society B: Biological Sciences 284.1856 (2017): 20170484.",assemblage,temperate,rocky_reef,,mobile_invertebrates,na,na,temperate_autralasia,abundance,mortality,negative_ecosystem,inside/outside study,Maria Island Marine Reserve,"-42.59074268063579, 147.99990955605392",-42.59074268,147.9999096,,
"Bates, Amanda E., et al. ""Biological interactions both facilitate and resist climate-related functional change in temperate reef communities."" Proceedings of the Royal Society B: Biological Sciences 284.1856 (2017): 20170484.",assemblage,temperate,rocky_reef,,herbivorous_fish,na,na,temperate_autralasia,abundance,mortality,no_effect,inside/outside study,Maria Island Marine Reserve,"-42.59074268063579, 147.99990955605392",-42.59074268,147.9999096,,
"Bates, Amanda E., et al. ""Biological interactions both facilitate and resist climate-related functional change in temperate reef communities."" Proceedings of the Royal Society B: Biological Sciences 284.1856 (2017): 20170484.",assemblage,temperate,rocky_reef,,planktivores,na,na,temperate_autralasia,abundance,mortality,no_effect,inside/outside study,Maria Island Marine Reserve,"-42.59074268063579, 147.99990955605392",-42.59074268,147.9999096,,
"Bates, Amanda E., et al. ""Biological interactions both facilitate and resist climate-related functional change in temperate reef communities."" Proceedings of the Royal Society B: Biological Sciences 284.1856 (2017): 20170484.",assemblage,temperate,rocky_reef,,benthic_invertivore,na,na,temperate_autralasia,abundance,mortality,no_effect,inside/outside study,Maria Island Marine Reserve,"-42.59074268063579, 147.99990955605392",-42.59074268,147.9999096,,
"Bates, Amanda E., et al. ""Resilience and signatures of tropicalization in protected reef fish communities."" Nature Climate Change 4.1 (2014): 62-67.",assemblage,temperate,shallow_reef,,all_fish,na,na,temperate_autralasia,abundance-weighted_species_diversity,mortality,positive_ecosystem,inside/outside study,Maria Island Marine Reserve,"-42.59074268063579, 147.99990955605392",-42.59074268,147.9999096,"reserve and reference sites had similar values, but reserve sites had signfiicantly lower year-to-year changes","not due to higher richness or diversity, becuase it's not higher. could be due to community shift away from small, abundant fish species to larger, less abundant fish"
"Bates, Amanda E., et al. ""Resilience and signatures of tropicalization in protected reef fish communities."" Nature Climate Change 4.1 (2014): 62-67.",assemblage,temperate,shallow_reef,,all_fish,na,na,temperate_autralasia,biomass-weighted_species_diversity,body_size,positive_ecosystem,inside/outside study,Maria Island Marine Reserve,"-42.59074268063579, 147.99990955605392",-42.59074268,147.9999096,"reserve and reference sites had similar values, but reserve sites had signfiicantly lower year-to-year changes","not due to higher richness or diversity, becuase it's not higher. could be due to community shift away from small, abundant fish species to larger, less abundant fish"
"Bates, Amanda E., et al. ""Resilience and signatures of tropicalization in protected reef fish communities."" Nature Climate Change 4.1 (2014): 62-67.",assemblage,temperate,shallow_reef,,all_fish,na,na,temperate_autralasia,abundance-weighted_functional_diversity,mortality,positive_ecosystem,inside/outside study,Maria Island Marine Reserve,"-42.59074268063579, 147.99990955605392",-42.59074268,147.9999096,"reserve and reference sites had similar values, but reserve sites had signfiicantly lower year-to-year changes","not due to higher richness or diversity, becuase it's not higher. could be due to community shift away from small, abundant fish species to larger, less abundant fish"
"Bates, Amanda E., et al. ""Resilience and signatures of tropicalization in protected reef fish communities."" Nature Climate Change 4.1 (2014): 62-67.",assemblage,temperate,shallow_reef,,all_fish,na,na,temperate_autralasia,biomass-weighted_functional_diversity,body_size,positive_ecosystem,inside/outside study,Maria Island Marine Reserve,"-42.59074268063579, 147.99990955605392",-42.59074268,147.9999096,"reserve and reference sites had similar values, but reserve sites had signfiicantly lower year-to-year changes","not due to higher richness or diversity, becuase it's not higher. could be due to community shift away from small, abundant fish species to larger, less abundant fish"
"Bates, Amanda E., et al. ""Resilience and signatures of tropicalization in protected reef fish communities."" Nature Climate Change 4.1 (2014): 62-67.",assemblage,temperate,shallow_reef,,all_fish,na,na,temperate_autralasia,mean_species_richness,mortality,no_effect,inside/outside study,Maria Island Marine Reserve,"-42.59074268063579, 147.99990955605392",-42.59074268,147.9999096,mean species richness was slightly higher in the reserve but not statistically significantly,
"Bates, Amanda E., et al. ""Resilience and signatures of tropicalization in protected reef fish communities."" Nature Climate Change 4.1 (2014): 62-67.",assemblage,temperate,shallow_reef,,all_fish,na,na,temperate_autralasia,functional_richness,mortality,no_effect,inside/outside study,Maria Island Marine Reserve,"-42.59074268063579, 147.99990955605392",-42.59074268,147.9999096,functional richness was slightly higher in the reserve but not statistically significantly,
"Bates, Amanda E., et al. ""Resilience and signatures of tropicalization in protected reef fish communities."" Nature Climate Change 4.1 (2014): 62-67.",assemblage,temperate,shallow_reef,,all_fish,na,na,temperate_autralasia,proportion_herbivores,mortality,no_effect,inside/outside study,Maria Island Marine Reserve,"-42.59074268063579, 147.99990955605392",-42.59074268,147.9999096,,
"Bates, Amanda E., et al. ""Resilience and signatures of tropicalization in protected reef fish communities."" Nature Climate Change 4.1 (2014): 62-67.",assemblage,temperate,shallow_reef,,all_fish,na,na,temperate_autralasia,maximum_length,body_size,positive_ecosystem,inside/outside study,Maria Island Marine Reserve,"-42.59074268063579, 147.99990955605392",-42.59074268,147.9999096,,
"Bates, Amanda E., et al. ""Resilience and signatures of tropicalization in protected reef fish communities."" Nature Climate Change 4.1 (2014): 62-67.",assemblage,temperate,shallow_reef,,all_fish,na,na,temperate_autralasia,community_structure,movement_range,positive_ecosystem,inside/outside study,Maria Island Marine Reserve,"-42.59074268063579, 147.99990955605392",-42.59074268,147.9999096,,more warm-water species in reference sites as compared to reserve sites
"Benedetti-Cecchi, Lisandro, et al. ""Marine protected areas promote stability of reef fish communities under climate warming."" Nature Communications 15.1 (2024): 1822.",community,na,na,,all_fish,na,na,global,alpha_stability,mortality,positive_ecosystem,inside/outside study,global,NA,NA,,,
"Benedetti-Cecchi, Lisandro, et al. ""Marine protected areas promote stability of reef fish communities under climate warming."" Nature Communications 15.1 (2024): 1822.",community,na,na,,all_fish,na,na,global,species_stability,mortality,positive_ecosystem,inside/outside study,global,NA,NA,,,"Changes in species stability are driven by changes in mean fish abundance, not driven by standard deviation"
"Benedetti-Cecchi, Lisandro, et al. ""Marine protected areas promote stability of reef fish communities under climate warming."" Nature Communications 15.1 (2024): 1822.",community,na,na,,all_fish,na,na,global,species_asynchrony,mortality,positive_ecosystem,inside/outside study,global,NA,NA,,,
"Benedetti-Cecchi, Lisandro, et al. ""Marine protected areas promote stability of reef fish communities under climate warming."" Nature Communications 15.1 (2024): 1822.",community,na,na,,all_fish,na,na,global,functional_richness,mortality,positive_ecosystem,inside/outside study,global,NA,NA,,,"Functional richness was positively associated with species stability in MPAs and open areas and negatively associated with alpha stability and species asynchrony in open areas (Supplementary Fig. 1, Supplementary Table 1)."
"Benedetti-Cecchi, Lisandro, et al. ""Marine protected areas promote stability of reef fish communities under climate warming."" Nature Communications 15.1 (2024): 1822.",assemblage,na,na,,thermally_resistant_carnivores,na,na,global,abundance,mortality,positive_ecosystem,inside/outside study,global,NA,NA,,,"""When considering species with STIs above the threshold, all trophic groups showed a peak in abundance at intermediate to high intensities of MHWs in MPAs, but not in open areas (Fig. 4,SupplementaryTable4)."""
"Benedetti-Cecchi, Lisandro, et al. ""Marine protected areas promote stability of reef fish communities under climate warming."" Nature Communications 15.1 (2024): 1822.",assemblage,na,na,,thermally_resistant_grazers,na,na,global,abundance,mortality,positive_ecosystem,inside/outside study,global,NA,NA,,,
"Benedetti-Cecchi, Lisandro, et al. ""Marine protected areas promote stability of reef fish communities under climate warming."" Nature Communications 15.1 (2024): 1822.",assemblage,na,na,,thermally_resistant_microphages,na,na,global,abundance,mortality,positive_ecosystem,inside/outside study,global,NA,NA,,,
"Benedetti-Cecchi, Lisandro, et al. ""Marine protected areas promote stability of reef fish communities under climate warming."" Nature Communications 15.1 (2024): 1822.",assemblage,na,na,,thermally_resistant_planktivores,na,na,global,abundance,mortality,positive_ecosystem,inside/outside study,global,NA,NA,,,
"Benedetti-Cecchi, Lisandro, et al. ""Marine protected areas promote stability of reef fish communities under climate warming."" Nature Communications 15.1 (2024): 1822.",assemblage,na,na,,thermally_sensitive_carnivores,na,na,global,abundance,mortality,positive_ecosystem,inside/outside study,global,NA,NA,,weakly related to protection during heatwaves,
"Benedetti-Cecchi, Lisandro, et al. ""Marine protected areas promote stability of reef fish communities under climate warming."" Nature Communications 15.1 (2024): 1822.",assemblage,na,na,,thermally_sensitive_grazers,na,na,global,abundance,mortality,no_effect,inside/outside study,global,NA,NA,,increased regardless of protection,
"Benedetti-Cecchi, Lisandro, et al. ""Marine protected areas promote stability of reef fish communities under climate warming."" Nature Communications 15.1 (2024): 1822.",assemblage,na,na,,thermally_sensitive_microphages,na,na,global,abundance,mortality,no_effect,inside/outside study,global,NA,NA,,increased regardless of protection,
"Benedetti-Cecchi, Lisandro, et al. ""Marine protected areas promote stability of reef fish communities under climate warming."" Nature Communications 15.1 (2024): 1822.",assemblage,na,na,,thermally_sensitive_planktivores,na,na,global,abundance,mortality,positive_ecosystem,inside/outside study,global,NA,NA,,weakly related to protection during heatwaves,
"Benedetti-Cecchi, Lisandro, et al. ""Marine protected areas promote stability of reef fish communities under climate warming."" Nature Communications 15.1 (2024): 1822.",metacommunity,na,na,,all_fish,na,na,global,stability,reproduction,no_effect,inside/outside study,global,NA,NA,,,reproduction because studying connectivity between sites
"Benedetti-Cecchi, Lisandro, et al. ""Marine protected areas promote stability of reef fish communities under climate warming."" Nature Communications 15.1 (2024): 1822.",metacommunity,na,na,,all_fish,na,na,global,asynchrony,reproduction,no_effect,inside/outside study,global,NA,NA,,,reproduction because studying connectivity between sites
"Carassou, L., Léopold, M., Guillemot, N., Wantiez, L., & Kulbicki, M. (2013). Does herbivorous fish protection really improve coral reef resilience? A case study from New Caledonia (South Pacific). PLoS One, 8(4), e60564.",assemblage,na,na,,target_herbivores,na,na,central_indo_pacific,biomass,mortality,no_effect,inside/outside study,New Caldonia,"-21.024133627236676, 165.8488177756057",-21.02413363,165.8488178,,
"Carassou, L., Léopold, M., Guillemot, N., Wantiez, L., & Kulbicki, M. (2013). Does herbivorous fish protection really improve coral reef resilience? A case study from New Caledonia (South Pacific). PLoS One, 8(4), e60564.",assemblage,na,na,,target_herbivores,na,na,central_indo_pacific,density,mortality,no_effect,inside/outside study,New Caldonia,"-21.024133627236676, 165.8488177756057",-21.02413363,165.8488178,,
"Carassou, L., Léopold, M., Guillemot, N., Wantiez, L., & Kulbicki, M. (2013). Does herbivorous fish protection really improve coral reef resilience? A case study from New Caledonia (South Pacific). PLoS One, 8(4), e60564.",assemblage,na,na,,target_herbivores,na,na,central_indo_pacific,diversity,mortality,no_effect,inside/outside study,New Caldonia,"-21.024133627236676, 165.8488177756057",-21.02413363,165.8488178,,
"Carassou, L., Léopold, M., Guillemot, N., Wantiez, L., & Kulbicki, M. (2013). Does herbivorous fish protection really improve coral reef resilience? A case study from New Caledonia (South Pacific). PLoS One, 8(4), e60564.",assemblage,na,na,,target_herbivores,na,na,central_indo_pacific,body_size,body_size,positive_ecosystem,inside/outside study,New Caldonia,"-21.024133627236676, 165.8488177756057",-21.02413363,165.8488178,,
"Carassou, L., Léopold, M., Guillemot, N., Wantiez, L., & Kulbicki, M. (2013). Does herbivorous fish protection really improve coral reef resilience? A case study from New Caledonia (South Pacific). PLoS One, 8(4), e60564.",assemblage,na,na,,coral,na,na,central_indo_pacific,coral_cover,habitat_formation,no_effect,inside/outside study,New Caldonia,"-21.024133627236676, 165.8488177756057",-21.02413363,165.8488178,,
"Carassou, L., Léopold, M., Guillemot, N., Wantiez, L., & Kulbicki, M. (2013). Does herbivorous fish protection really improve coral reef resilience? A case study from New Caledonia (South Pacific). PLoS One, 8(4), e60564.",assemblage,na,na,,macroalgal,na,na,central_indo_pacific,macroalgal_cover,habitat_formation,positive_ecosystem,inside/outside study,New Caldonia,"-21.024133627236676, 165.8488177756057",-21.02413363,165.8488178,"Though macroalgae was less abundant in unfished areas, it macroalgal cover was not correlated with coral cover or hebivorous fish",
"Coelho, Vânia R., and Carrie Manfrino. ""Coral community decline at a remote Caribbean island: marine no‐take reserves are not enough."" Aquatic Conservation: Marine and Freshwater Ecosystems 17.7 (2007): 666-685.",assemblage,tropical,coral_reef,,hard_coral,na,na,tropical_atlantic,coral_cover,habitat_formation,no_effect,inside/outside study,Little Cayman (multiple sites),"19.685169207103808, -80.08244001688594",19.68516921,-80.08244002,,"The relative abundance of large reef builders of the genus Montastraea decreased, while that of smaller corals of the genera Agaricia and Porites increased."
"Coelho, Vânia R., and Carrie Manfrino. ""Coral community decline at a remote Caribbean island: marine no‐take reserves are not enough."" Aquatic Conservation: Marine and Freshwater Ecosystems 17.7 (2007): 666-685.",assemblage,tropical,coral_reef,,hard_coral,na,na,tropical_atlantic,disease_presence,disease_parasite,no_effect,inside/outside study,Little Cayman (multiple sites),"19.685169207103808, -80.08244001688594",19.68516921,-80.08244002,"Disease prevalence has increased over time, and at least one relatively large bleaching event (affecting 10% of the corals) took place in 2003.",
"Coelho, Vânia R., and Carrie Manfrino. ""Coral community decline at a remote Caribbean island: marine no‐take reserves are not enough."" Aquatic Conservation: Marine and Freshwater Ecosystems 17.7 (2007): 666-685.",assemblage,tropical,coral_reef,,hard_coral,na,na,tropical_atlantic,coral_bleaching,habitat_formation,no_effect,inside/outside study,Little Cayman (multiple sites),"19.685169207103808, -80.08244001688594",19.68516921,-80.08244002,,
"Darling, Emily S., Timothy R. McClanahan, and Isabelle M. Côté. ""Combined effects of two stressors on Kenyan coral reefs are additive or antagonistic, not synergistic."" Conservation Letters 3.2 (2010): 122-130.",assemblage,tropical,coral_reef,,hard_coral,na,na,western_indo_pacific,coral_cover,habitat_formation,no_effect,inside/outside study,"Malindi Marine National Park, Mombasa Marine National Park, Watamu Marine National Park","-3.6807152353806547, 39.960365483023146",-3.680715235,39.96036548,total coral cover was the same inside/outside the MPA after disturbance. recovery trajectory has been the same since the disturbance. coral cover decreased more in the MPA because it had a higher starting point,
"Denley, Danielle, Anna Metaxas, and Robert Scheibling. ""Subregional variation in cover and diversity of hard coral (Scleractinia) in the Western Province, Solomon Islands following an unprecedented global bleaching event."" Plos one 15.11 (2020): e0242153.",assemblage,tropical,coral_reef,,hard_coral,na,na,central_indo_pacific,coral_cover,habitat_formation,not_assessed,inside/outside study,Solomon Islands (multiple sites),"-8.458126682247137, 157.56385036773128",-8.458126682,157.5638504,,
"Denley, Danielle, Anna Metaxas, and Robert Scheibling. ""Subregional variation in cover and diversity of hard coral (Scleractinia) in the Western Province, Solomon Islands following an unprecedented global bleaching event."" Plos one 15.11 (2020): e0242153.",assemblage,tropical,coral_reef,,hard_coral,na,na,central_indo_pacific,richness,mortality,not_assessed,inside/outside study,Solomon Islands (multiple sites),"-8.458126682247137, 157.56385036773128",-8.458126682,157.5638504,,
"Dimitriadis, C., et al. ""Evaluating the long term effectiveness of a Mediterranean marine protected area to tackle the effects of invasive and range expanding herbivorous fish on rocky reefs."" Marine Environmental Research 193 (2024): 106293.",community,temperate,rocky_reef,,herbivorous_fish,na,na,temperate_northern_atlantic,biomass,movement_range,negative_ecosystem,inside/outside study,Zakynthos National Marine Park,"37.73537724481346, 20.908707081702183",37.73537724,20.90870708,"protection also protects invasive herbivours, proportion of invansive species increased",
"Dimitriadis, C., et al. ""Evaluating the long term effectiveness of a Mediterranean marine protected area to tackle the effects of invasive and range expanding herbivorous fish on rocky reefs."" Marine Environmental Research 193 (2024): 106293.",community,temperate,rocky_reef,,piscivorous_fish,na,na,temperate_northern_atlantic,biomass,movement_range,no_effect,inside/outside study,Zakynthos National Marine Park,"37.73537724481346, 20.908707081702183",37.73537724,20.90870708,,
"Dimitriadis, C., et al. ""Evaluating the long term effectiveness of a Mediterranean marine protected area to tackle the effects of invasive and range expanding herbivorous fish on rocky reefs."" Marine Environmental Research 193 (2024): 106293.",community,temperate,rocky_reef,,all_fish_excluding_herbivores,na,na,temperate_northern_atlantic,biomass,movement_range,no_effect,inside/outside study,Zakynthos National Marine Park,"37.73537724481346, 20.908707081702183",37.73537724,20.90870708,,
"Dimitriadis, C., et al. ""Evaluating the long term effectiveness of a Mediterranean marine protected area to tackle the effects of invasive and range expanding herbivorous fish on rocky reefs."" Marine Environmental Research 193 (2024): 106293.",community,temperate,rocky_reef,,macroalgal,na,na,temperate_northern_atlantic,benthic_cover,habitat_formation,no_effect,inside/outside study,Zakynthos National Marine Park,"37.73537724481346, 20.908707081702183",37.73537724,20.90870708,,
"Dolorosa, Roger Gasper, et al. ""Impact of Super Typhoon Odette on the Reefs of Northeastern Palawan, Philippines."" Journal of Fisheries & Environment 47.1 (2023).",assemblage,tropical,coral_reef,,hard_coral,na,na,central_indo_pacific,coral_cover,habitat_formation,positive_ecosystem,inside/outside study,"Hart Reef MPA, Baby Hart Reef, Dalarat MPA, Salvacion MPA, Black Rock Reef MPA","10.736286463796985, 119.77795512534351",10.73628646,119.7779551,,
"Dolorosa, Roger Gasper, et al. ""Impact of Super Typhoon Odette on the Reefs of Northeastern Palawan, Philippines."" Journal of Fisheries & Environment 47.1 (2023).",assemblage,tropical,coral_reef,,na,na,butterfly fishes,central_indo_pacific,abundance,mortality,negative_ecosystem,inside/outside study,"Hart Reef MPA, Baby Hart Reef, Dalarat MPA, Salvacion MPA, Black Rock Reef MPA","10.736286463796985, 119.77795512534351",10.73628646,119.7779551,,
"Dolorosa, Roger Gasper, et al. ""Impact of Super Typhoon Odette on the Reefs of Northeastern Palawan, Philippines."" Journal of Fisheries & Environment 47.1 (2023).",assemblage,tropical,coral_reef,,na,na,butterfly fishes,central_indo_pacific,density,mortality,no_effect,inside/outside study,"Hart Reef MPA, Baby Hart Reef, Dalarat MPA, Salvacion MPA, Black Rock Reef MPA","10.736286463796985, 119.77795512534351",10.73628646,119.7779551,,
"Dolorosa, Roger Gasper, et al. ""Impact of Super Typhoon Odette on the Reefs of Northeastern Palawan, Philippines."" Journal of Fisheries & Environment 47.1 (2023).",assemblage,tropical,coral_reef,,na,na,butterfly fishes,central_indo_pacific,richness,mortality,not_assessed,inside/outside study,"Hart Reef MPA, Baby Hart Reef, Dalarat MPA, Salvacion MPA, Black Rock Reef MPA","10.736286463796985, 119.77795512534351",10.73628646,119.7779551,,
"Dolorosa, Roger Gasper, et al. ""Impact of Super Typhoon Odette on the Reefs of Northeastern Palawan, Philippines."" Journal of Fisheries & Environment 47.1 (2023).",assemblage,tropical,coral_reef,,macroinvertebrates,na,na,central_indo_pacific,abundance,mortality,no_effect,inside/outside study,"Hart Reef MPA, Baby Hart Reef, Dalarat MPA, Salvacion MPA, Black Rock Reef MPA","10.736286463796985, 119.77795512534351",10.73628646,119.7779551,"small giant clams did better in the MPA, but overall little difference for macroinvertebrates",
"Duncan, Murray I., et al. ""Exploitation may influence the climate resilience of fish populations through removing high performance metabolic phenotypes."" Scientific reports 9.1 (2019): 11437.",species,na,na,,na,Chrysoblephus laticeps,red roman,temperate_southern_africa,metabolic_rate,mortality,positive_population,experiment,Tsitsikamma National Park (TNP) Marine Protected Area (MPA),"-34.09036898540999, 24.013061839531865",-34.09036899,24.01306184,,
"Eisaguirre, Jacob H., et al. ""Trophic redundancy and predator size class structure drive differences in kelp forest ecosystem dynamics."" Ecology 101.5 (2020): e02993.",community,temperate,kelp_forest,,na,na,CA sheephead,temperate_northern_pacific,density,mortality,positive_population,inside/outside study,Channel Islands National Marine Sanctuary,"34.04048269039791, -119.97069471535997",34.04048269,-119.9706947,"""Predictions from the fitted model suggest effects of CA sheephead abundance and size on purple urchin densities are stronger in MPAs""",
"Eisaguirre, Jacob H., et al. ""Trophic redundancy and predator size class structure drive differences in kelp forest ecosystem dynamics."" Ecology 101.5 (2020): e02993.",community,temperate,kelp_forest,,na,na,CA sheephead,temperate_northern_pacific,total_length,body_size,positive_population,inside/outside study,Channel Islands National Marine Sanctuary,"34.04048269039791, -119.97069471535997",34.04048269,-119.9706947,,
"Eisaguirre, Jacob H., et al. ""Trophic redundancy and predator size class structure drive differences in kelp forest ecosystem dynamics."" Ecology 101.5 (2020): e02993.",community,temperate,kelp_forest,,na,na,CA spiny lobster,temperate_northern_pacific,density,mortality,positive_population,inside/outside study,Channel Islands National Marine Sanctuary,"34.04048269039791, -119.97069471535997",34.04048269,-119.9706947,slightly higher in MPA but doesn't say if significant,
"Eisaguirre, Jacob H., et al. ""Trophic redundancy and predator size class structure drive differences in kelp forest ecosystem dynamics."" Ecology 101.5 (2020): e02993.",community,temperate,kelp_forest,,na,na,purple sea urchin,temperate_northern_pacific,density,mortality,positive_population,inside/outside study,Channel Islands National Marine Sanctuary,"34.04048269039791, -119.97069471535997",34.04048269,-119.9706947,,
"Eisaguirre, Jacob H., et al. ""Trophic redundancy and predator size class structure drive differences in kelp forest ecosystem dynamics."" Ecology 101.5 (2020): e02993.",community,temperate,kelp_forest,,na,na,giant kelp,temperate_northern_pacific,density,mortality,positive_population,inside/outside study,Channel Islands National Marine Sanctuary,"34.04048269039791, -119.97069471535997",34.04048269,-119.9706947,,
"Eisaguirre, Jacob H., et al. ""Trophic redundancy and predator size class structure drive differences in kelp forest ecosystem dynamics."" Ecology 101.5 (2020): e02993.",community,temperate,kelp_forest,,na,na,understory kelp,temperate_northern_pacific,density,mortality,positive_population,inside/outside study,Channel Islands National Marine Sanctuary,"34.04048269039791, -119.97069471535997",34.04048269,-119.9706947,,
"Eisaguirre, Jacob H., et al. ""Trophic redundancy and predator size class structure drive differences in kelp forest ecosystem dynamics."" Ecology 101.5 (2020): e02993.",community,temperate,kelp_forest,,na,na,sea star,temperate_northern_pacific,density,mortality,no_effect,inside/outside study,Channel Islands National Marine Sanctuary,"34.04048269039791, -119.97069471535997",34.04048269,-119.9706947,,
"Emslie, Michael J., et al. ""Expectations and outcomes of reserve network performance following re-zoning of the Great Barrier Reef Marine Park."" Current Biology 25.8 (2015): 983-992.",species,tropical,coral_reef,,na,"Plectropomus spp., Variola spp.",coral trout,central_indo_pacific,density,mortality,positive_population,inside/outside study,Great Barrier Reef Marine Park,"-18.301807040272795, 147.69485239520947",-18.30180704,147.6948524,,
"Emslie, Michael J., et al. ""Expectations and outcomes of reserve network performance following re-zoning of the Great Barrier Reef Marine Park."" Current Biology 25.8 (2015): 983-992.",species,tropical,coral_reef,,na,"Plectropomus spp., Variola spp.",coral trout,central_indo_pacific,biomass,mortality,positive_population,inside/outside study,Great Barrier Reef Marine Park,"-18.301807040272795, 147.69485239520947",-18.30180704,147.6948524,,
"Emslie, Michael J., et al. ""Expectations and outcomes of reserve network performance following re-zoning of the Great Barrier Reef Marine Park."" Current Biology 25.8 (2015): 983-992.",species,tropical,coral_reef,,na,"Plectropomus spp., Variola spp.",coral trout,central_indo_pacific,body_size,mortality,positive_population,inside/outside study,Great Barrier Reef Marine Park,"-18.301807040272795, 147.69485239520947",-18.30180704,147.6948524,,
"Emslie, Michael J., et al. ""Expectations and outcomes of reserve network performance following re-zoning of the Great Barrier Reef Marine Park."" Current Biology 25.8 (2015): 983-992.",species,tropical,coral_reef,,all_fish,na,na,central_indo_pacific,community_composition,mortality,no_effect,inside/outside study,Great Barrier Reef Marine Park,"-18.301807040272795, 147.69485239520947",-18.30180704,147.6948524,,
"Emslie, Michael J., et al. ""Expectations and outcomes of reserve network performance following re-zoning of the Great Barrier Reef Marine Park."" Current Biology 25.8 (2015): 983-992.",species,tropical,coral_reef,,benthic,na,na,central_indo_pacific,community_composition,habitat_formation,no_effect,inside/outside study,Great Barrier Reef Marine Park,"-18.301807040272795, 147.69485239520947",-18.30180704,147.6948524,,
"Emslie, Michael J., et al. ""Expectations and outcomes of reserve network performance following re-zoning of the Great Barrier Reef Marine Park."" Current Biology 25.8 (2015): 983-992.",species,tropical,coral_reef,,non-target_fish,na,na,central_indo_pacific,density,mortality,no_effect,inside/outside study,Great Barrier Reef Marine Park,"-18.301807040272795, 147.69485239520947",-18.30180704,147.6948524,,
"Emslie, Michael J., et al. ""Expectations and outcomes of reserve network performance following re-zoning of the Great Barrier Reef Marine Park."" Current Biology 25.8 (2015): 983-992.",species,tropical,coral_reef,,coral,na,na,central_indo_pacific,coral_cover,habitat_formation,no_effect,inside/outside study,Great Barrier Reef Marine Park,"-18.301807040272795, 147.69485239520947",-18.30180704,147.6948524,,
"Emslie, Michael J., et al. ""Expectations and outcomes of reserve network performance following re-zoning of the Great Barrier Reef Marine Park."" Current Biology 25.8 (2015): 983-992.",species,tropical,coral_reef,,all_fish,na,na,central_indo_pacific,richness,mortality,no_effect,inside/outside study,Great Barrier Reef Marine Park,"-18.301807040272795, 147.69485239520947",-18.30180704,147.6948524,,
"Freedman, R. M., et al. ""Marine protected areas do not prevent marine heatwave-induced fish community structure changes in a temperate transition zone."" Scientific Reports 10.1 (2020): 21081.",community,temperate,kelp_forest,,warm-water_target_fish,na,na,temperate_northern_pacific,density,mortality,no_effect,inside/outside study,Channel Islands National Marine Sanctuary,"34.04048269039791, -119.97069471535997",34.04048269,-119.9706947,"Additionally, in our case, ecosystem recovery did not appear to be rapid; densities inside and outside MPAs remained altered and overall warm-water species abundance did not drop to pre-heatwave values by 2016. It is important to note that using an acute event may not be indicative of long-term change, but it appears that MPAs are unlikely to act as a lone solution to mitigate the whole community structure shifts due to climate change43.","Prior work has shown that single species recovery after an acute climate event can be enhanced within an MPA22, but our work suggests that MPAs do not appear to dampen the magnitude of community changes for either cool or warm-water species groups in our system."
"Freedman, R. M., et al. ""Marine protected areas do not prevent marine heatwave-induced fish community structure changes in a temperate transition zone."" Scientific Reports 10.1 (2020): 21081.",community,temperate,kelp_forest,,warm-water_non-target_fish,na,na,temperate_northern_pacific,density,mortality,no_effect,inside/outside study,Channel Islands National Marine Sanctuary,"34.04048269039791, -119.97069471535997",34.04048269,-119.9706947,"The reason MPAs did not appear to mitigate marine heatwave impacts on community structure in our study may be that non-targeted species (i.e. fish species not targeted in fisheries) responded significantly to the marine heatwave while targeted species only displayed non-significant, muted responses.",
"Freedman, R. M., et al. ""Marine protected areas do not prevent marine heatwave-induced fish community structure changes in a temperate transition zone."" Scientific Reports 10.1 (2020): 21081.",community,temperate,kelp_forest,,cool-water_target_fish,na,na,temperate_northern_pacific,density,mortality,no_effect,inside/outside study,Channel Islands National Marine Sanctuary,"34.04048269039791, -119.97069471535997",34.04048269,-119.9706947,The cool-water species group appeared less responsive overall to warm-water conditions.,
"Freedman, R. M., et al. ""Marine protected areas do not prevent marine heatwave-induced fish community structure changes in a temperate transition zone."" Scientific Reports 10.1 (2020): 21081.",community,temperate,kelp_forest,,cool-water_non-target_fish,na,na,temperate_northern_pacific,density,mortality,no_effect,inside/outside study,Channel Islands National Marine Sanctuary,"34.04048269039791, -119.97069471535997",34.04048269,-119.9706947,,
"Frid, Ori, et al. ""Marine protected areas' positive effect on fish biomass persists across the steep climatic gradient of the Mediterranean Sea."" Journal of Applied Ecology 60.4 (2023): 638-649.",assemblage,temperate,rocky_reef,,all_fish,na,na,temperate_northern_atlantic,biomass,mortality,no_effect,inside/outside study,Mediteranean (multiple sites),"38.80888948798501, 14.580213060363603",38.80888949,14.58021306,"Importantly, we found that the rate of decrease in fish biomass with temperature was similar between protected and fished sites.",
"Frid, Ori, et al. ""Marine protected areas' positive effect on fish biomass persists across the steep climatic gradient of the Mediterranean Sea."" Journal of Applied Ecology 60.4 (2023): 638-649.",assemblage,temperate,rocky_reef,,all_fish,na,na,temperate_northern_atlantic,climatic_affinity,mortality,no_effect,inside/outside study,Mediteranean (multiple sites),"38.80888948798501, 14.580213060363603",38.80888949,14.58021306,"community-level metric, no effect",
"Frid, Ori, et al. ""Effects of marine protected areas on fish communities in a hotspot of climate change and invasion."" Mediterranean Marine Science 23.1 (2022): 157-190.",assemblage,temperate,rocky_reef,,all_fish,na,na,temperate_northern_atlantic,biomass,mortality,positive_ecosystem,inside/outside study,Achziv MPA,"33.0482865317595, 35.100539757284004",33.04828653,35.10053976,,largest and oldest MPA in the study
"Frid, Ori, et al. ""Effects of marine protected areas on fish communities in a hotspot of climate change and invasion."" Mediterranean Marine Science 23.1 (2022): 157-190.",assemblage,temperate,rocky_reef,,target_fish,na,na,temperate_northern_atlantic,biomass,mortality,positive_ecosystem,inside/outside study,Achziv MPA,"33.0482865317595, 35.100539757284004",33.04828653,35.10053976,,
"Frid, Ori, et al. ""Effects of marine protected areas on fish communities in a hotspot of climate change and invasion."" Mediterranean Marine Science 23.1 (2022): 157-190.",assemblage,temperate,rocky_reef,,all_fish,na,na,temperate_northern_atlantic,body_size,body_size,positive_ecosystem,inside/outside study,Isreal (multiple sites),"32.073446141536394, 34.67068240292757",32.07344614,34.6706824,,
"Frid, Ori, et al. ""Effects of marine protected areas on fish communities in a hotspot of climate change and invasion."" Mediterranean Marine Science 23.1 (2022): 157-190.",assemblage,temperate,rocky_reef,,target_fish,na,na,temperate_northern_atlantic,biomass,mortality,positive_ecosystem,inside/outside study,Isreal (multiple sites),"32.073446141536394, 34.67068240292757",32.07344614,34.6706824,,
"Frid, Ori, et al. ""Effects of marine protected areas on fish communities in a hotspot of climate change and invasion."" Mediterranean Marine Science 23.1 (2022): 157-190.",species,temperate,rocky_reef,,na,"Mycteroperca rubra, Epinephelus  marginatus",grouper,temperate_northern_atlantic,abundance,mortality,positive_population,inside/outside study,Isreal (multiple sites),"32.073446141536394, 34.67068240292757",32.07344614,34.6706824,,
"Frid, Ori, et al. ""Effects of marine protected areas on fish communities in a hotspot of climate change and invasion."" Mediterranean Marine Science 23.1 (2022): 157-190.",species,temperate,rocky_reef,,na,"Mycteroperca rubra, Epinephelus  marginatus",grouper,temperate_northern_atlantic,body_size,body_size,positive_population,inside/outside study,Isreal (multiple sites),"32.073446141536394, 34.67068240292757",32.07344614,34.6706824,,
"Frid, Ori, et al. ""Effects of marine protected areas on fish communities in a hotspot of climate change and invasion."" Mediterranean Marine Science 23.1 (2022): 157-190.",assemblage,temperate,rocky_reef,,exotic_species,na,na,temperate_northern_atlantic,biomass,movement_range,no_effect,inside/outside study,Isreal (multiple sites),"32.073446141536394, 34.67068240292757",32.07344614,34.6706824,"""Exotic species biomass was significantly higher within Achziv than in unprotected fished areas (112% higher). However, for the other MPAs, exotic biomass was similar within and outside the MPAs (appendix Fig. A2 and Table A7). No interactions were found between time and protection for exotics in all MPAs.""",
"Giakoumi, Sylvaine, et al. ""Exploring the relationships between marine protected areas and invasive fish in the world's most invaded sea."" Ecological Applications 29.1 (2019): e01809.",assemblage,temperate,rocky_reef,,alien_and_range_expanding_fishes,na,na,temperate_northern_atlantic,biomass,movement_range,negative_ecosystem,inside/outside study,South and Eastern Mediterranean MPAs,"44.01699002941236, 13.279326609294008",44.01699003,13.27932661,alien and native range-expanding fish biomass was more than 50% of the total fish biomass in the MPAs. The biomass of alien and native range-expanding fishes was higher in the MPAs than in reference sites. Nuances of which species are the drivers of this are different in each MPA,Suez Canal is the source of alien species invasion
"Graham, Nicholas AJ, et al. ""Lag effects in the impacts of mass coral bleaching on coral reef fish, fisheries, and ecosystems."" Conservation biology 21.5 (2007): 1291-1300.",assemblage,tropical,coral_reef,,benthic,na,na,western_indo_pacific,community_structure,habitat_formation,no_effect,inside/outside study,"Sainte Anne Marine National Park, Cousin Island Special Reserve","-4.517412683466146, 55.59078711925603",-4.517412683,55.59078712,,
"Graham, Nicholas AJ, et al. ""Lag effects in the impacts of mass coral bleaching on coral reef fish, fisheries, and ecosystems."" Conservation biology 21.5 (2007): 1291-1300.",assemblage,tropical,coral_reef,,all_fish,na,na,western_indo_pacific,biomass,mortality,no_effect,inside/outside study,"Sainte Anne Marine National Park, Cousin Island Special Reserve","-4.517412683466146, 55.59078711925603",-4.517412683,55.59078712,,
"Graham, Nicholas AJ, et al. ""Lag effects in the impacts of mass coral bleaching on coral reef fish, fisheries, and ecosystems."" Conservation biology 21.5 (2007): 1291-1300.",assemblage,tropical,coral_reef,,all_fish,na,na,western_indo_pacific,size_structure,reproduction,no_effect,inside/outside study,"Sainte Anne Marine National Park, Cousin Island Special Reserve","-4.517412683466146, 55.59078711925603",-4.517412683,55.59078712,fishes lost to natural mortality and fishing are not being replaced by juvenilles,"""Based on our results an impending recruitment failure to reef-fishery size classes is likely in the Seychelles following a major coral bleaching event."""
"Graham, Nicholas AJ, et al. ""Lag effects in the impacts of mass coral bleaching on coral reef fish, fisheries, and ecosystems."" Conservation biology 21.5 (2007): 1291-1300.",assemblage,tropical,coral_reef,,piscivorous_fish,na,na,western_indo_pacific,biomass,mortality,negative_ecosystem,inside/outside study,"Sainte Anne Marine National Park, Cousin Island Special Reserve","-4.517412683466146, 55.59078711925603",-4.517412683,55.59078712,,
"Graham, Nicholas AJ, et al. ""Lag effects in the impacts of mass coral bleaching on coral reef fish, fisheries, and ecosystems."" Conservation biology 21.5 (2007): 1291-1300.",assemblage,tropical,coral_reef,,herbivorous_fish,na,na,western_indo_pacific,biomass,mortality,positive_ecosystem,inside/outside study,"Sainte Anne Marine National Park, Cousin Island Special Reserve","-4.517412683466146, 55.59078711925603",-4.517412683,55.59078712,,
"Graham, Nicholas AJ, et al. ""Lag effects in the impacts of mass coral bleaching on coral reef fish, fisheries, and ecosystems."" Conservation biology 21.5 (2007): 1291-1300.",assemblage,tropical,coral_reef,,corallivores,na,na,western_indo_pacific,abundance,mortality,negative_ecosystem,inside/outside study,"Sainte Anne Marine National Park, Cousin Island Special Reserve","-4.517412683466146, 55.59078711925603",-4.517412683,55.59078712,"""decline associated with similar pattern of decline in the fishes preferred corals""",
"Graham, Nicholas AJ, et al. ""Lag effects in the impacts of mass coral bleaching on coral reef fish, fisheries, and ecosystems."" Conservation biology 21.5 (2007): 1291-1300.",assemblage,tropical,coral_reef,,planktivores,na,na,western_indo_pacific,abundance,mortality,negative_ecosystem,inside/outside study,"Sainte Anne Marine National Park, Cousin Island Special Reserve","-4.517412683466146, 55.59078711925603",-4.517412683,55.59078712,"""decline associated with similar pattern of decline in the fishes preferred corals""",
"Graham, Nicholas AJ, et al. ""Lag effects in the impacts of mass coral bleaching on coral reef fish, fisheries, and ecosystems."" Conservation biology 21.5 (2007): 1291-1300.",assemblage,tropical,coral_reef,,target_fish,na,na,western_indo_pacific,biomass,mortality,positive_ecosystem,inside/outside study,"Sainte Anne Marine National Park, Cousin Island Special Reserve","-4.517412683466146, 55.59078711925603",-4.517412683,55.59078712,,
"Graham, Nicholas AJ, et al. ""Changing role of coral reef marine reserves in a warming climate."" Nature Communications 11.1 (2020): 2000.",assemblage,tropical,coral_reef,,herbivorous_fish,na,na,western_indo_pacific,biomass,mortality,positive_ecosystem,inside/outside study,Seychelles (multiple sites),"-4.493383151840551, 55.593557213680796",-4.493383152,55.59355721,"""Positive fish biomass effects persisted, but the groups of fish benefiting from marine reserves profoundly changed, with low trophic level herbivores dominating the responses.""",
"Graham, Nicholas AJ, et al. ""Changing role of coral reef marine reserves in a warming climate."" Nature Communications 11.1 (2020): 2000.",assemblage,tropical,coral_reef,,all_fish,na,na,western_indo_pacific,richness,mortality,positive_ecosystem,inside/outside study,Seychelles (multiple sites),"-4.493383151840551, 55.593557213680796",-4.493383152,55.59355721,"""reserve effects were greatly dimished after coral mortality""",
"Graham, Nicholas AJ, et al. ""Changing role of coral reef marine reserves in a warming climate."" Nature Communications 11.1 (2020): 2000.",assemblage,tropical,coral_reef,,all_fish,na,na,western_indo_pacific,biomass,mortality,positive_ecosystem,inside/outside study,Seychelles (multiple sites),"-4.493383151840551, 55.593557213680796",-4.493383152,55.59355721,"""Positive fish biomass effects persisted, but the groups of fish benefiting from marine reserves profoundly changed, with low trophic level herbivores dominating the responses.""",
"Graham, Nicholas AJ, et al. ""Changing role of coral reef marine reserves in a warming climate."" Nature Communications 11.1 (2020): 2000.",assemblage,tropical,coral_reef,,benthic,na,na,western_indo_pacific,community_composition,habitat_formation,no_effect,inside/outside study,Seychelles (multiple sites),"-4.493383151840551, 55.593557213680796",-4.493383152,55.59355721,"""reserve effects were absent for the reef benthods""",
"Hammerton, Zan, Daniel Bucher, and Andrew Page. ""The influence of protection and temperature on subtropical reef fish assemblages in Cape Byron Marine Park."" Aquatic Conservation: Marine and Freshwater Ecosystems 29.10 (2019): 1623-1635.",assemblage,subtropical,coral_reef,,target_fish,na,na,temperate_autralasia,abundance,mortality,positive_ecosystem,before/after study,Cape Byron Marine Park,"-28.534518425436165, 153.5472298767736",-28.53451843,153.5472299,,
"Harding, S. I. M. O. N., and B. E. M. A. H. A. F. A. L. Y. Randriamanantsoa. ""Coral reef monitoring in marine reserves of northern Madagascar."" Ten years after bleaching–facing the consequences of climate change in the Indian Ocean. CORDIO Status Report (2008): 93-106.",assemblage,tropical,coral_reef,,benthic,na,na,western_indo_pacific,community_composition,habitat_formation,no_effect,inside/outside study,"Masoala, Sahamalaza, and Mananara National Marine Parks (Madagascar) ","-14.051884689213642, 50.43101664164953",-14.05188469,50.43101664,,
"Harding, S. I. M. O. N., and B. E. M. A. H. A. F. A. L. Y. Randriamanantsoa. ""Coral reef monitoring in marine reserves of northern Madagascar."" Ten years after bleaching–facing the consequences of climate change in the Indian Ocean. CORDIO Status Report (2008): 93-106.",assemblage,tropical,coral_reef,,all_fish,na,na,western_indo_pacific,biomass,mortality,no_effect,inside/outside study,"Masoala, Sahamalaza, and Mananara National Marine Parks (Madagascar) ","-14.051884689213642, 50.43101664164953",-14.05188469,50.43101664,,
"Harding, S. I. M. O. N., and B. E. M. A. H. A. F. A. L. Y. Randriamanantsoa. ""Coral reef monitoring in marine reserves of northern Madagascar."" Ten years after bleaching–facing the consequences of climate change in the Indian Ocean. CORDIO Status Report (2008): 93-106.",assemblage,tropical,coral_reef,,macroinvertebrates,na,na,western_indo_pacific,density,mortality,no_effect,inside/outside study,"Masoala, Sahamalaza, and Mananara National Marine Parks (Madagascar) ","-14.051884689213642, 50.43101664164953",-14.05188469,50.43101664,,
"Harris, Alasdair, et al. ""Scleractinian coral communities of the inner Seychelles 10 years after the 1998 mortality event."" Aquatic Conservation: Marine and Freshwater Ecosystems 24.5 (2014): 667-679.",assemblage,tropical,coral_reef,,adult_coral,na,na,western_indo_pacific,community_composition,habitat_formation,no_effect,inside/outside study,Seychelles (multiple sites),"-4.493383151840551, 55.593557213680796",-4.493383152,55.59355721,,"The limited recovery within Seychelles MPAs is partially due to past zonation of protected areas around reefs previously characterized by prolific growth of thermally intolerant and/or branching coral taxa. These corals have generally shown higher susceptibility to bleaching-related mortality than more tolerant massive and encrusting colonies, consequently experiencing the greatest declines following disturbance events"
"Harris, Alasdair, et al. ""Scleractinian coral communities of the inner Seychelles 10 years after the 1998 mortality event."" Aquatic Conservation: Marine and Freshwater Ecosystems 24.5 (2014): 667-679.",assemblage,tropical,coral_reef,,juvenille_coral,na,na,western_indo_pacific,community_composition,habitat_formation,no_effect,inside/outside study,Seychelles (multiple sites),"-4.493383151840551, 55.593557213680796",-4.493383152,55.59355721,,
"Hereu, Bernat, et al. ""Multiple processes regulate long-term population dynamics of sea urchins on Mediterranean rocky reefs."" PloS one 7.5 (2012): e36901.",assemblage,temperate,rocky_reef,,herbivorous_sea_urchin,"Paracentrotus lividus, Arbacia lixula",sea urchin,temperate_northern_atlantic,abundance,habitat_formation,no_effect,inside/outside study,Medes Islands Marine Reserve,"42.044761308889875, 3.221460246534097",42.04476131,3.221460247,,
"Hereu, Bernat, et al. ""Multiple processes regulate long-term population dynamics of sea urchins on Mediterranean rocky reefs."" PloS one 7.5 (2012): e36901.",assemblage,temperate,rocky_reef,,herbivorous_sea_urchin,"Paracentrotus lividus, Arbacia lixula",sea urchin,temperate_northern_atlantic,size_structure,habitat_formation,no_effect,inside/outside study,Medes Islands Marine Reserve,"42.044761308889875, 3.221460246534097",42.04476131,3.221460247,,
"Hereu, Bernat, et al. ""Multiple processes regulate long-term population dynamics of sea urchins on Mediterranean rocky reefs."" PloS one 7.5 (2012): e36901.",assemblage,temperate,rocky_reef,,herbivorous_sea_urchin,"Paracentrotus lividus, Arbacia lixula",sea urchin,temperate_northern_atlantic,recruitment,reproduction,not_assessed,inside/outside study,Medes Islands Marine Reserve,"42.044761308889875, 3.221460246534097",42.04476131,3.221460247,"Recruitment inside the MPA was density-dependent, but doesn't say if it was better or worse insie/outside. Maybe since urchins can lead to barrens, density-dependent is good?",measured using a ratio of juvenille_abundance to adult_abundance
"Hereu, Bernat, et al. ""Multiple processes regulate long-term population dynamics of sea urchins on Mediterranean rocky reefs."" PloS one 7.5 (2012): e36901.",assemblage,temperate,rocky_reef,,herbivorous_sea_urchin,"Paracentrotus lividus, Arbacia lixula",sea urchin,temperate_northern_atlantic,density,habitat_formation,positive_ecosystem,inside/outside study,Medes Islands Marine Reserve,"42.044761308889875, 3.221460246534097",42.04476131,3.221460247,"""Fisher’s F-test showed higher variability in P. lividus density in boulder substrates outside the reserve compared to both the boulder and vertical wall habitats inside the reserve (Table 2).""",
"Johnson, Jack V., Jaimie TA Dick, and Daniel Pincheira-Donoso. ""Marine protected areas do not buffer corals from bleaching under global warming."" BMC ecology and evolution 22.1 (2022): 58",assemblage,tropical,coral_reef,,coral,na,na,global,coral_bleaching,habitat_formation,no_effect,inside/outside study,Global,NA,NA,,"""However, weak evidence for moderation under the interaction of DHW with MPA size, and MPA age, in comparison to the sole predictor of DHW does exist (Fig. 2).""",
"Ling, S. D., and C. R. Johnson. ""Marine reserves reduce risk of climate‐driven phase shift by reinstating size‐and habitat‐specific trophic interactions."" Ecological Applications 22.4 (2012): 1232-1245.",community,temperate,kelp_forest,,na,Centrostephanus rodgersii,sea urchin,temperate_autralasia,survival,movement_range,positive_ecosystem,inside/outside study,Tasmania (multiple sites),"-42.66501209181621, 148.05414684990265",-42.66501209,148.0541468,"""Results show that survival rates of C. rodgersii exposed on flat reef substratum by tethering were approximately seven times (small urchins 10.1 times; large urchins 6.1 times) lower on protected reef within marine reserve boundaries (high abundance of large predatorycapable lobsters) compared to fished reef (large predatory lobsters absent).","This shows that ecosystem impacts mediated by range extension of such habitat-modifying organisms will be heterogeneous in space, and that marine systems with a more natural complement of large and thus functional predators, as achievable within no-take reserves, will minimize local risk of phase shifts by reinstating size and habitat-specific predator–prey dynamics eroded by fishing."
"Ling, S. D., and C. R. Johnson. ""Marine reserves reduce risk of climate‐driven phase shift by reinstating size‐and habitat‐specific trophic interactions."" Ecological Applications 22.4 (2012): 1232-1245.",community,temperate,kelp_forest,,na,Jasus edwardsii,large spiny lobsters,temperate_autralasia,abundance,body_size,positive_ecosystem,inside/outside study,Tasmania (multiple sites),"-42.66501209181621, 148.05414684990265",-42.66501209,148.0541468,,
"Ling, S. D., and C. R. Johnson. ""Marine reserves reduce risk of climate‐driven phase shift by reinstating size‐and habitat‐specific trophic interactions."" Ecological Applications 22.4 (2012): 1232-1245.",community,temperate,kelp_forest,,na,Notolabrus tetricus,large wrasse,temperate_autralasia,abundance,mortality,no_effect,inside/outside study,Tasmania (multiple sites),"-42.66501209181621, 148.05414684990265",-42.66501209,148.0541468,,
"Ling, S. D., and C. R. Johnson. ""Marine reserves reduce risk of climate‐driven phase shift by reinstating size‐and habitat‐specific trophic interactions."" Ecological Applications 22.4 (2012): 1232-1245.",community,temperate,kelp_forest,,demersal_carnivorous-omnivorous_fishes,na,na,temperate_autralasia,abundance,mortality,no_effect,inside/outside study,Tasmania (multiple sites),"-42.66501209181621, 148.05414684990265",-42.66501209,148.0541468,,
"Ling, S. D., et al. ""Overfishing reduces resilience of kelp beds to climate-driven catastrophic phase shift."" Proceedings of the National Academy of Sciences 106.52 (2009): 22341-22345.",community,temperate,kelp_forest,,na,Centrostephanus rodgersii,sea urchin,temperate_autralasia,survival,movement_range,positive_ecosystem,inside/outside study,Tasmania (multiple sites),"-42.66501209181621, 148.05414684990265",-42.66501209,148.0541468,,
"Ling, S. D., et al. ""Overfishing reduces resilience of kelp beds to climate-driven catastrophic phase shift."" Proceedings of the National Academy of Sciences 106.52 (2009): 22341-22345.",community,temperate,kelp_forest,,na,Jasus edwardsii,large spiny lobsters,temperate_autralasia,predation_strength,movement_range,positive_ecosystem,inside/outside study,Tasmania (multiple sites),"-42.66501209181621, 148.05414684990265",-42.66501209,148.0541468,,
"Lowe, Jake R., et al. ""Responses of coral reef wrasse assemblages to disturbance and marine reserve protection on the Great Barrier Reef."" Marine Biology 166.9 (2019): 119.",assemblage,tropical,coral_reef,,wrasse,na,na,central_indo_pacific,density,mortality,no_effect,inside/outside study,Great Barrier Reef (multiple sites),"-20.20996841357624, 148.92710298054297",-20.20996841,148.927103,,
"Magdaong, Evangeline T., et al. ""Long-term change in coral cover and the effectiveness of marine protected areas in the Philippines: a meta-analysis."" Hydrobiologia 733 (2014): 5-17.",assemblage,tropical,coral_reef,,coral,na,na,central_indo_pacific,coral_cover,habitat_formation,positive_ecosystem,meta-analysis,Philippines (multiple sites),"8.990466676901853, 123.45807924322239",8.990466677,123.4580792,,
"Manfrino, Carrie, et al. ""A positive trajectory for corals at Little Cayman Island."" PLoS One 8.10 (2013): e75432.",assemblage,tropical,coral_reef,,coral,na,na,tropical_atlantic,coral_cover,habitat_formation,no_effect,inside/outside study,Little Cayman Island,"19.685657086385277, -80.08191207432714",19.68565709,-80.08191207,,the islands are remote and have minimal stress from human activity
"Manfrino, Carrie, et al. ""A positive trajectory for corals at Little Cayman Island."" PLoS One 8.10 (2013): e75432.",assemblage,tropical,coral_reef,,juvenille_coral,na,na,tropical_atlantic,abundance,habitat_formation,no_effect,inside/outside study,Little Cayman Island,"19.685657086385277, -80.08191207432714",19.68565709,-80.08191207,,
"Manfrino, Carrie, et al. ""A positive trajectory for corals at Little Cayman Island."" PLoS One 8.10 (2013): e75432.",assemblage,tropical,coral_reef,,coral,na,na,tropical_atlantic,community_composition,habitat_formation,no_effect,inside/outside study,Little Cayman Island,"19.685657086385277, -80.08191207432714",19.68565709,-80.08191207,protected areas had some impact but not statistically significant,
"Manfrino, Carrie, et al. ""A positive trajectory for corals at Little Cayman Island."" PLoS One 8.10 (2013): e75432.",assemblage,tropical,coral_reef,,coral,na,na,tropical_atlantic,size_structure,habitat_formation,no_effect,inside/outside study,Little Cayman Island,"19.685657086385277, -80.08191207432714",19.68565709,-80.08191207,,
"Manfrino, Carrie, et al. ""A positive trajectory for corals at Little Cayman Island."" PLoS One 8.10 (2013): e75432.",assemblage,tropical,coral_reef,,coral,na,na,tropical_atlantic,coral_cover,disease_parasite,no_effect,inside/outside study,Little Cayman Island,"19.685657086385277, -80.08191207432714",19.68565709,-80.08191207,,
"Manfrino, Carrie, et al. ""A positive trajectory for corals at Little Cayman Island."" PLoS One 8.10 (2013): e75432.",assemblage,tropical,coral_reef,,juvenille_coral,na,na,tropical_atlantic,abundance,disease_parasite,no_effect,inside/outside study,Little Cayman Island,"19.685657086385277, -80.08191207432714",19.68565709,-80.08191207,,
"Manfrino, Carrie, et al. ""A positive trajectory for corals at Little Cayman Island."" PLoS One 8.10 (2013): e75432.",assemblage,tropical,coral_reef,,coral,na,na,tropical_atlantic,community_composition,disease_parasite,no_effect,inside/outside study,Little Cayman Island,"19.685657086385277, -80.08191207432714",19.68565709,-80.08191207,protected areas had some impact but not statistically significant,
"Manfrino, Carrie, et al. ""A positive trajectory for corals at Little Cayman Island."" PLoS One 8.10 (2013): e75432.",assemblage,tropical,coral_reef,,coral,na,na,tropical_atlantic,size_structure,disease_parasite,no_effect,inside/outside study,Little Cayman Island,"19.685657086385277, -80.08191207432714",19.68565709,-80.08191207,,
"McClanahan, T. R. ""Response of the coral reef benthos and herbivory to fishery closure management and the 1998 ENSO disturbance."" Oecologia 155.1 (2008): 169-177.",community,tropical,coral_reef,,benthic,na,na,western_indo_pacific,benthic_cover,habitat_formation,negative_ecosystem,inside/outside study,Kenya (multiple sites),"-3.6689310869195824, 39.99209901117372",-3.668931087,39.99209901,,"The recovery of the fishery closures to initial levels was slower than the fished reefs, which was attributable to the higher initial coral cover levels and no or slow recovery of sensitive and fast-growing branching coral taxa such as Acropora and Montipora in unfished compared to fished reefs (Fig. 3)."
"McClanahan, T. R. ""Response of the coral reef benthos and herbivory to fishery closure management and the 1998 ENSO disturbance."" Oecologia 155.1 (2008): 169-177.",community,tropical,coral_reef,,herbivorous_fish,na,na,western_indo_pacific,herbivory,habitat_formation,negative_ecosystem,inside/outside study,Kenya (multiple sites),"-3.6689310869195824, 39.99209901117372",-3.668931087,39.99209901,,"The sum of both sources of herbivory indicated that herbivory was higher in unfished than fished reefs (by »30% for the biomass, but by »340% for the assay method), and did not change across the 1998 ENSO."
"McClanahan, Tim R., et al. ""Changes in northern Tanzania coral reefs during a period of increased fisheries management and climatic disturbance."" Aquatic Conservation: Marine and Freshwater Ecosystems 19.7 (2009): 758-771.",assemblage,tropical,coral_reef,,coral,na,na,western_indo_pacific,diversity,habitat_formation,positive_ecosystem,inside/outside study,Tanzania (multiple sites),"-6.734787282458915, 39.29753602269165",-6.734787282,39.29753602,,
"McClanahan, Tim R., et al. ""Changes in northern Tanzania coral reefs during a period of increased fisheries management and climatic disturbance."" Aquatic Conservation: Marine and Freshwater Ecosystems 19.7 (2009): 758-771.",assemblage,tropical,coral_reef,,sea_urchins,na,na,western_indo_pacific,biomass,habitat_formation,positive_ecosystem,inside/outside study,Tanzania (multiple sites),"-6.734787282458915, 39.29753602269165",-6.734787282,39.29753602,,
"McClanahan, Tim R., et al. ""Changes in northern Tanzania coral reefs during a period of increased fisheries management and climatic disturbance."" Aquatic Conservation: Marine and Freshwater Ecosystems 19.7 (2009): 758-771.",assemblage,tropical,coral_reef,,sea_urchins,na,na,western_indo_pacific,predation,habitat_formation,positive_ecosystem,inside/outside study,Tanzania (multiple sites),"-6.734787282458915, 39.29753602269165",-6.734787282,39.29753602,,
"McClanahan, Tim R., et al. ""Changes in northern Tanzania coral reefs during a period of increased fisheries management and climatic disturbance."" Aquatic Conservation: Marine and Freshwater Ecosystems 19.7 (2009): 758-771.",assemblage,tropical,coral_reef,,fin_fish,na,na,western_indo_pacific,biomass,mortality,positive_ecosystem,inside/outside study,Tanzania (multiple sites),"-6.734787282458915, 39.29753602269165",-6.734787282,39.29753602,,
"McClanahan, Tim R., et al. ""Changes in northern Tanzania coral reefs during a period of increased fisheries management and climatic disturbance."" Aquatic Conservation: Marine and Freshwater Ecosystems 19.7 (2009): 758-771.",assemblage,tropical,coral_reef,,fin_fish,na,na,western_indo_pacific,diversity,mortality,no_effect,inside/outside study,Tanzania (multiple sites),"-6.734787282458915, 39.29753602269165",-6.734787282,39.29753602,,
"McClanahan, Tim R., et al. ""Changes in northern Tanzania coral reefs during a period of increased fisheries management and climatic disturbance."" Aquatic Conservation: Marine and Freshwater Ecosystems 19.7 (2009): 758-771.",assemblage,tropical,coral_reef,,na,Thalassia hemprichii,seagrass,western_indo_pacific,herbivory,habitat_formation,no_effect,inside/outside study,Tanzania (multiple sites),"-6.734787282458915, 39.29753602269165",-6.734787282,39.29753602,,
"Montero‐Serra, Ignasi, et al. ""Marine protected areas enhance structural complexity but do not buffer the consequences of ocean warming for an overexploited precious coral."" Journal of Applied Ecology 56.5 (2019): 1063-1074.",species,temperate,shallow_reef,,na,Corallium rubrum,Mediterranean red coral,temperate_northern_atlantic,colony_shrinkage_rate,habitat_formation,positive_population,inside/outside study,NW Mediterranean Sea (multiple sites),"42.400604795425565, 8.431206209907895",42.4006048,8.43120621,,
"Montero‐Serra, Ignasi, et al. ""Marine protected areas enhance structural complexity but do not buffer the consequences of ocean warming for an overexploited precious coral."" Journal of Applied Ecology 56.5 (2019): 1063-1074.",species,temperate,shallow_reef,,na,Corallium rubrum,Mediterranean red coral,temperate_northern_atlantic,survival,habitat_formation,no_effect,inside/outside study,NW Mediterranean Sea (multiple sites),"42.400604795425565, 8.431206209907895",42.4006048,8.43120621,,
"Mora, Camilo. ""A clear human footprint in the coral reefs of the Caribbean."" Proceedings of the Royal Society B: Biological Sciences 275.1636 (2008): 767-773.",assemblage,tropical,coral_reef,,herbivorous_fish,na,na,tropical_atlantic,biomass,mortality,positive_ecosystem,meta-analysis,Caribbean (multiple sites),"21.26006579761266, -80.22354644580889",21.2600658,-80.22354645,,We found herbivorous fishes affecting the biomass of carnivorous fishes and the abundance of macroalgae and a reciprocal and negative relationship between corals and macroalgae
"Mora, Camilo. ""A clear human footprint in the coral reefs of the Caribbean."" Proceedings of the Royal Society B: Biological Sciences 275.1636 (2008): 767-773.",assemblage,tropical,coral_reef,,piscivorous_fish,na,na,tropical_atlantic,biomass,mortality,positive_ecosystem,meta-analysis,Caribbean (multiple sites),"21.26006579761266, -80.22354644580889",21.2600658,-80.22354645,,
"Mora, Camilo. ""A clear human footprint in the coral reefs of the Caribbean."" Proceedings of the Royal Society B: Biological Sciences 275.1636 (2008): 767-773.",assemblage,tropical,coral_reef,,coral,na,na,tropical_atlantic,mortality,habitat_formation,no_effect,meta-analysis,Caribbean (multiple sites),"21.26006579761266, -80.22354644580889",21.2600658,-80.22354645,,
"Mora, Camilo. ""A clear human footprint in the coral reefs of the Caribbean."" Proceedings of the Royal Society B: Biological Sciences 275.1636 (2008): 767-773.",assemblage,tropical,coral_reef,,macroalgal,na,na,tropical_atlantic,abundance,habitat_formation,no_effect,meta-analysis,Caribbean (multiple sites),"21.26006579761266, -80.22354644580889",21.2600658,-80.22354645,,"""Surrogates for stress and resilience such as coral diseases and coral richness showed no systematic relationship with fish biomass, coral mortality or macroalgae abundance"""
"Morton, Brian. ""Effects of extreme rainfall, typhoons and declaration of marine reserve status on corals beached at Cape d'Aguilar (1998 and 1999)."" Journal of the Marine Biological Association of the United Kingdom 82.5 (2002): 729-743.",assemblage,tropical,coral_reef,,coral,na,na,central_indo_pacific,structural_integrity,habitat_formation,positive_ecosystem,observational,Cape d’Aguilar Marine Reserve,"22.205875541110938, 114.25727341383913",22.20587554,114.2572734,,
"Mumby, Peter J., and Alastair R. Harborne. ""Marine reserves enhance the recovery of corals on Caribbean reefs."" Plos one 5.1 (2010): e8657.",community,tropical,coral_reef,shallow,coral,na,na,tropical_atlantic,benthic_cover,habitat_formation,positive_ecosystem,inside/outside study,Exuma Cays Land and Sea Park,"24.38688627044736, -76.6274739130918",24.38688627,-76.62747391,,
"Munguía-Vega, Adrián, et al. ""Marine reserves help preserve genetic diversity after impacts derived from climate variability: Lessons from the pink abalone in Baja California."" Global Ecology and Conservation 4 (2015): 264-276.",species,temperate,na,na,na,Haliotis corrugata,Pink abalone,temperate_northern_pacific,genetic_diversity,reproduction,positive_population,inside/outside study,small reserve in Baja California,"27.04827952794199, -114.4446881856768",27.04827953,-114.4446882,,
"Olsen, Amy Y., et al. ""Changes in fish assemblages after marine heatwave events in West Hawai ‘i Island."" Marine Ecology Progress Series 698 (2022): 95-109.",assemblage,tropical,coral_reef,shallow,all_fish,na,na,eastern_indo_pacific,abundance,mortality,no_effect,inside/outside study,"West Hawai'i, multiple sites","19.89136943924893, -156.0151240294453",19.89136944,-156.015124,"""The 2 areas more open to fishing, Māhukona and Puakō, showed increases in fish abundance post-marine heatwaves, while fish abundance in Kona, the area mostly closed to fishing and with the highest percent of coral bleaching, remained high and relatively stable throughout the study period."" The more protected area had a higher abundance to start with and it stayed high (resistance) but the less protected area increased in abundance after the MHW (recovery)","""All fish assemblages changed significantly after the marine heatwaves. Across all 3 areas, the 3 most abundant functional groups (grazers, planktivores and secondary consumers) drove the observed changes in the community."""
"Page, Cathie A., et al. ""Influence of marine reserves on coral disease prevalence."" Diseases of Aquatic Organisms 87.1-2 (2009): 135-150.",assemblage,tropical,coral_reef,shallow,hard_coral,na,na,central_indo_pacific,disease_presence_SEB,disease_parasite,negative_ecosystem,inside/outside study,"""Three of 4 managed reefs were legally-designated MPAs (Ngelukes, Ngemelis, Cemetery Reef) and one was unofficially considered to be an MPA (Bital Rirs) based on knowledge that no fishing occurs at the location.""","7.382289375964404, 134.4678015729989",7.382289376,134.4678016,"""We also found a strong negative association between the prevalence of SEB and the species richness of targeted reef fish (F = 55.72, r2 = 0.90, p < 0.001; Fig. 6c), and a more moderate positive association between SEB prevalence and the cover of acroporid and poritid corals (F = 6.95, r2 = 0.54, p = 0.039; Fig. 6d), with all other variables showing no significant association.""",
"Page, Cathie A., et al. ""Influence of marine reserves on coral disease prevalence."" Diseases of Aquatic Organisms 87.1-2 (2009): 135-150.",assemblage,tropical,coral_reef,shallow,hard_coral,na,na,central_indo_pacific,disease_presence_BrB,disease_parasite,no_effect,inside/outside study,"""Three of 4 managed reefs were legally-designated MPAs (Ngelukes, Ngemelis, Cemetery Reef) and one was unofficially considered to be an MPA (Bital Rirs) based on knowledge that no fishing occurs at the location.""","7.382289375964404, 134.4678015729989",7.382289376,134.4678016,"""The prevalence of BrB was strongly positively correlated with the prevalence of bleached colonies (F = 106.95, r2 = 0.95, p < 0.001; Fig. 6e), with all other variables showing no significant association.""",
"Page, Cathie A., et al. ""Influence of marine reserves on coral disease prevalence."" Diseases of Aquatic Organisms 87.1-2 (2009): 135-150.",assemblage,tropical,coral_reef,shallow,hard_coral,na,na,central_indo_pacific,disease_presence_GAs,disease_parasite,no_effect,inside/outside study,"""Three of 4 managed reefs were legally-designated MPAs (Ngelukes, Ngemelis, Cemetery Reef) and one was unofficially considered to be an MPA (Bital Rirs) based on knowledge that no fishing occurs at the location.""","7.382289375964404, 134.4678015729989",7.382289376,134.4678016,"""None of the variables tested was significantly associated with the prevalence of GAs.""",
"Page, Cathie A., et al. ""Influence of marine reserves on coral disease prevalence."" Diseases of Aquatic Organisms 87.1-2 (2009): 135-150.",assemblage,tropical,coral_reef,shallow,hard_coral,na,na,central_indo_pacific,bleaching_prevalence,habitat_formation,no_effect,inside/outside study,"""Three of 4 managed reefs were legally-designated MPAs (Ngelukes, Ngemelis, Cemetery Reef) and one was unofficially considered to be an MPA (Bital Rirs) based on knowledge that no fishing occurs at the location.""","7.382289375964404, 134.4678015729989",7.382289376,134.4678016,"""Bivariate regressions revealed that pooled disease prevalence in acroporid and poritid corals was moderately positively correlated with the cover of these families (F = 9.47, r2 = 0.61, p = 0.022; Fig. 6a) and more weakly negatively correlated with the species richness of targeted fish (F = 6.19, r2 = 0.51, p = 0.047; Fig. 6b).""",
"Page, Cathie A., et al. ""Influence of marine reserves on coral disease prevalence."" Diseases of Aquatic Organisms 87.1-2 (2009): 135-150.",assemblage,tropical,coral_reef,shallow,hard_coral,na,na,central_indo_pacific,coral_cover,mortality,no_effect,inside/outside study,"""Three of 4 managed reefs were legally-designated MPAs (Ngelukes, Ngemelis, Cemetery Reef) and one was unofficially considered to be an MPA (Bital Rirs) based on knowledge that no fishing occurs at the location.""","7.382289375964404, 134.4678015729989",7.382289376,134.4678016,,
"Page, Cathie A., et al. ""Influence of marine reserves on coral disease prevalence."" Diseases of Aquatic Organisms 87.1-2 (2009): 135-150.",assemblage,tropical,coral_reef,shallow,hard_coral,na,na,central_indo_pacific,density,mortality,no_effect,inside/outside study,"""Three of 4 managed reefs were legally-designated MPAs (Ngelukes, Ngemelis, Cemetery Reef) and one was unofficially considered to be an MPA (Bital Rirs) based on knowledge that no fishing occurs at the location.""","7.382289375964404, 134.4678015729989",7.382289376,134.4678016,,
"Page, Cathie A., et al. ""Influence of marine reserves on coral disease prevalence."" Diseases of Aquatic Organisms 87.1-2 (2009): 135-150.",assemblage,tropical,coral_reef,shallow,target_fish,na,na,central_indo_pacific,richness,mortality,no_effect,inside/outside study,"""Three of 4 managed reefs were legally-designated MPAs (Ngelukes, Ngemelis, Cemetery Reef) and one was unofficially considered to be an MPA (Bital Rirs) based on knowledge that no fishing occurs at the location.""","7.382289375964404, 134.4678015729989",7.382289376,134.4678016,,
"Page, Cathie A., et al. ""Influence of marine reserves on coral disease prevalence."" Diseases of Aquatic Organisms 87.1-2 (2009): 135-150.",assemblage,tropical,coral_reef,shallow,target_fish,na,na,central_indo_pacific,body_size,body_size,positive_ecosystem,inside/outside study,"""Three of 4 managed reefs were legally-designated MPAs (Ngelukes, Ngemelis, Cemetery Reef) and one was unofficially considered to be an MPA (Bital Rirs) based on knowledge that no fishing occurs at the location.""","7.382289375964404, 134.4678015729989",7.382289376,134.4678016,,
"Perkins, Nicholas R., et al. ""Monitoring the resilience of a no-take marine reserve to a range extending species using benthic imagery."" PloS one 15.8 (2020): e0237257.",community,temperate,kelp_forest,,benthic,na,na,temperate_autralasia,urchin_barren_presence,habitat_formation,positive_ecosystem,inside/outside study,Governor Island NTR,"-41.89172081334384, 148.31887872029932",-41.89172081,148.3188787,"""We find a doubling in the odds of the presence of barrens in reference sites outside the NTR; however, although the NTR had consistently lower presence of barrens through time, we also find that the data collected to date does not indicate that the rate of increase in barrens inside the NTR is different to that outside. Therefore, our results imply that the NTR may have conferred resilience in terms of the resistence to the initial establishment of barrens, but that there is currently no evidence of recovery inside the NTR once barrens are established."" ",
"Randrianarivo, Mahery, et al. ""Assessing recovery potential of coral reefs in Madagascar and the effects of marine protected areas."" Regional Studies in Marine Science 77 (2024): 103710.",community,tropical,coral_reef,,benthic,na,na,western_indo_pacific,recovery_index,habitat_formation,no_effect,inside/outside study,"Madagascar, multiple sites","-15.877358276841244, 45.157579507558204",-15.87735828,45.15757951,"""The effect of the protection level of each station (fished vs. unfished) explained alone a limited amount in the variation in RI (9 %; Table 2)"" except at Nosy-Be where it accounted for 50% of the variation. ""The regional variation in RI is likely explained by differences in sea surface temperature anomalies (SSTa)"". Nosy-Be is also an older protected area",
"Russ, Garry R., et al. ""Coral cover a stronger driver of reef fish trophic biomass than fishing."" Ecological Applications 31.1 (2021): e02224.",assemblage,tropical,coral_reef,,all_fish,na,na,central_indo_pacific,biomass,mortality,positive_ecosystem,inside/outside study,"Philippines, multiple sites","9.240408310236019, 124.05930534457215",9.24040831,124.0593053,driven by high biomass of generalist large predators and large planktivores,
"Russ, Garry R., et al. ""Coral cover a stronger driver of reef fish trophic biomass than fishing."" Ecological Applications 31.1 (2021): e02224.",assemblage,tropical,coral_reef,,generalist_large_predators,na,na,central_indo_pacific,biomass,mortality,positive_ecosystem,inside/outside study,"Philippines, multiple sites","9.240408310236019, 124.05930534457215",9.24040831,124.0593053,,
"Russ, Garry R., et al. ""Coral cover a stronger driver of reef fish trophic biomass than fishing."" Ecological Applications 31.1 (2021): e02224.",assemblage,tropical,coral_reef,,piscivorous_fish,na,na,central_indo_pacific,biomass,mortality,no_effect,inside/outside study,"Philippines, multiple sites","9.240408310236019, 124.05930534457215",9.24040831,124.0593053,,
"Russ, Garry R., et al. ""Coral cover a stronger driver of reef fish trophic biomass than fishing."" Ecological Applications 31.1 (2021): e02224.",assemblage,tropical,coral_reef,,large_benthic_foragers,na,na,central_indo_pacific,biomass,mortality,no_effect,inside/outside study,"Philippines, multiple sites","9.240408310236019, 124.05930534457215",9.24040831,124.0593053,,
"Russ, Garry R., et al. ""Coral cover a stronger driver of reef fish trophic biomass than fishing."" Ecological Applications 31.1 (2021): e02224.",assemblage,tropical,coral_reef,,croppers,na,na,central_indo_pacific,biomass,mortality,no_effect,inside/outside study,"Philippines, multiple sites","9.240408310236019, 124.05930534457215",9.24040831,124.0593053,,
"Russ, Garry R., et al. ""Coral cover a stronger driver of reef fish trophic biomass than fishing."" Ecological Applications 31.1 (2021): e02224.",assemblage,tropical,coral_reef,,detrivores,na,na,central_indo_pacific,biomass,mortality,no_effect,inside/outside study,"Philippines, multiple sites","9.240408310236019, 124.05930534457215",9.24040831,124.0593053,,
"Russ, Garry R., et al. ""Coral cover a stronger driver of reef fish trophic biomass than fishing."" Ecological Applications 31.1 (2021): e02224.",assemblage,tropical,coral_reef,,excavators,na,na,central_indo_pacific,biomass,mortality,no_effect,inside/outside study,"Philippines, multiple sites","9.240408310236019, 124.05930534457215",9.24040831,124.0593053,,
"Russ, Garry R., et al. ""Coral cover a stronger driver of reef fish trophic biomass than fishing."" Ecological Applications 31.1 (2021): e02224.",assemblage,tropical,coral_reef,,scrapers,na,na,central_indo_pacific,biomass,mortality,no_effect,inside/outside study,"Philippines, multiple sites","9.240408310236019, 124.05930534457215",9.24040831,124.0593053,,
"Russ, Garry R., et al. ""Coral cover a stronger driver of reef fish trophic biomass than fishing."" Ecological Applications 31.1 (2021): e02224.",assemblage,tropical,coral_reef,,sand_feeders,na,na,central_indo_pacific,biomass,mortality,no_effect,inside/outside study,"Philippines, multiple sites","9.240408310236019, 124.05930534457215",9.24040831,124.0593053,,
"Russ, Garry R., et al. ""Coral cover a stronger driver of reef fish trophic biomass than fishing."" Ecological Applications 31.1 (2021): e02224.",assemblage,tropical,coral_reef,,small_benthic_foragers,na,na,central_indo_pacific,biomass,mortality,no_effect,inside/outside study,"Philippines, multiple sites","9.240408310236019, 124.05930534457215",9.24040831,124.0593053,,
"Russ, Garry R., et al. ""Coral cover a stronger driver of reef fish trophic biomass than fishing."" Ecological Applications 31.1 (2021): e02224.",assemblage,tropical,coral_reef,,obligate_corallivores,na,na,central_indo_pacific,biomass,mortality,no_effect,inside/outside study,"Philippines, multiple sites","9.240408310236019, 124.05930534457215",9.24040831,124.0593053,,
"Russ, Garry R., et al. ""Coral cover a stronger driver of reef fish trophic biomass than fishing."" Ecological Applications 31.1 (2021): e02224.",assemblage,tropical,coral_reef,,omnivorous_pomacentrids,na,na,central_indo_pacific,biomass,mortality,no_effect,inside/outside study,"Philippines, multiple sites","9.240408310236019, 124.05930534457215",9.24040831,124.0593053,,
"Russ, Garry R., et al. ""Coral cover a stronger driver of reef fish trophic biomass than fishing."" Ecological Applications 31.1 (2021): e02224.",assemblage,tropical,coral_reef,,large_planktivores,na,na,central_indo_pacific,biomass,mortality,positive_ecosystem,inside/outside study,"Philippines, multiple sites","9.240408310236019, 124.05930534457215",9.24040831,124.0593053,,
"Russ, Garry R., et al. ""Coral cover a stronger driver of reef fish trophic biomass than fishing."" Ecological Applications 31.1 (2021): e02224.",assemblage,tropical,coral_reef,,small_planktivores,na,na,central_indo_pacific,biomass,mortality,no_effect,inside/outside study,"Philippines, multiple sites","9.240408310236019, 124.05930534457215",9.24040831,124.0593053,hard coral cover was a stronger driver of biomass than protection,
"Russ, Garry R., et al. ""Coral cover a stronger driver of reef fish trophic biomass than fishing."" Ecological Applications 31.1 (2021): e02224.",assemblage,tropical,coral_reef,,hard_coral,na,na,central_indo_pacific,coral_cover,mortality,no_effect,inside/outside study,"Philippines, multiple sites","9.240408310236019, 124.05930534457215",9.24040831,124.0593053,,
"Russ, Garry R., et al. ""Partitioning no-take marine reserve (NTMR) and benthic habitat effects on density of small and large-bodied tropical wrasses."" PLoS One 12.12 (2017): e0188515.",assemblage,tropical,coral_reef,,wrasse,na,na,central_indo_pacific,density,mortality,no_effect,inside/outside study,"Philippines, multiple sites","9.240408310236019, 124.05930534457215",9.24040831,124.0593053,"""However, the density of wrasses was often affected strongly by benthic cover. Hemigymnus spp. had a positive association with hard coral cover, while Thalassoma spp. and Cirrhilabrus spp. had strong positive associations with cover of rubble and dead substratum. These associations were most apparent after environmental disturbances (typhoons, coral bleaching, crown of thorns starfish (COTS) outbreaks, use of explosives and drive nets) reduced live hard coral cover and increased cover of rubble, dead substratum and sand.""","Didn't explicity report effect of protection on coral cover, but it seems disease, bleaching, and storms damaged coral irrespective of protection"
"Ceccarelli, Daniela M., et al. ""Regional‐scale disturbances drive long‐term decline of inshore coral reef fish assemblages in the Great Barrier Reef Marine Park."" Global Change Biology 30.10 (2024): e17506.",assemblage,tropical,coral_reef,,all_fish,na,na,central_indo_pacific,density,mortality,no_effect,inside/outside study,Great Barrier Reef Marine Park,"-19.07044421969577, 147.21675752539397",-19.07044422,147.2167575,,"The strongest positive relationship was with the cover        of        living        hard        corals,        with        fish        density         rising        rapidly         to        2500        individuals         per        1000 m 2        at        30%        coral        cover."
"Ceccarelli, Daniela M., et al. ""Regional‐scale disturbances drive long‐term decline of inshore coral reef fish assemblages in the Great Barrier Reef Marine Park."" Global Change Biology 30.10 (2024): e17506.",assemblage,tropical,coral_reef,,all_fish,na,na,central_indo_pacific,richness,mortality,no_effect,inside/outside study,Great Barrier Reef Marine Park,"-19.07044421969577, 147.21675752539397",-19.07044422,147.2167575,,
"Ceccarelli, Daniela M., et al. ""Regional‐scale disturbances drive long‐term decline of inshore coral reef fish assemblages in the Great Barrier Reef Marine Park."" Global Change Biology 30.10 (2024): e17506.",assemblage,tropical,coral_reef,,all_fish,na,na,central_indo_pacific,community_composition,mortality,no_effect,inside/outside study,Great Barrier Reef Marine Park,"-19.07044421969577, 147.21675752539397",-19.07044422,147.2167575,"Species composition differed between fished and  NTMR  reefs at  the Palm (Figure 3a), Keppel (Figure 3c ) and  Whitsunday Islands (Figure 3d ), but the  changes in composition over  time occurred in parallel in the  two zones.",
"Ceccarelli, Daniela M., et al. ""Regional‐scale disturbances drive long‐term decline of inshore coral reef fish assemblages in the Great Barrier Reef Marine Park."" Global Change Biology 30.10 (2024): e17506.",assemblage,tropical,coral_reef,,target_piscivorous_fish,na,na,central_indo_pacific,density,mortality,positive_ecosystem,inside/outside study,Great Barrier Reef Marine Park,"-19.07044421969577, 147.21675752539397",-19.07044422,147.2167575,,
"Ceccarelli, Daniela M., et al. ""Regional‐scale disturbances drive long‐term decline of inshore coral reef fish assemblages in the Great Barrier Reef Marine Park."" Global Change Biology 30.10 (2024): e17506.",assemblage,tropical,coral_reef,,coral,na,na,central_indo_pacific,density,habitat_formation,no_effect,inside/outside study,Great Barrier Reef Marine Park,"-19.07044421969577, 147.21675752539397",-19.07044422,147.2167575,,
"Selig, Elizabeth R., Kenneth S. Casey, and John F. Bruno. ""Temperature‐driven coral decline: the role of marine protected areas."" Global Change Biology 18.5 (2012): 1561-1570.",assemblage,tropical,coral_reef,,coral,na,na,global,coral_cover,habitat_formation,no_effect,inside/outside study,298 tropical MPAs,NA,NA,,,
"Sheehan, E. V., et al. ""Rewilding of protected areas enhances resilience of marine ecosystems to extreme climatic events."" Frontiers in Marine Science 8 (2021): 671427.",assemblage,tropical,rocky_reef,,benthic,na,na,temperate_northern_atlantic,community_composition,habitat_formation,positive_ecosystem,inside/outside study,"Lyme Bay MPA, Southwest United Kingdom","50.624193206385904, -2.8818997212940434",50.62419321,-2.881899721,"""Ecological resilience consists of elements of resistance and recovery (Angeler and Allen, 2016), and these observations suggest Lyme Bay MPA is conferring resilience through enhanced recovery despite offering little in terms of resistance to extreme storms.""",
"Smith, Alexandra, et al. ""Rapid recovery of depleted abalone in Isla Natividad, Baja California, Mexico."" Ecosphere 13.3 (2022): e4002.",species,temperate,na,,benthic,Haliotis corrugata,pink abalone,temperate_northern_pacific,abundance,mortality,no_effect,inside/outside study,"Baja California Sur, multiple sites","27.04827952794199, -114.4446881856768",27.04827953,-114.4446882,,
"Smith, Alexandra, et al. ""Rapid recovery of depleted abalone in Isla Natividad, Baja California, Mexico."" Ecosphere 13.3 (2022): e4002.",species,temperate,na,,benthic,Haliotis corrugata,pink abalone,temperate_northern_pacific,body_size,body_size,positive_population,inside/outside study,"Baja California Sur, multiple sites","27.04827952794199, -114.4446881856768",27.04827953,-114.4446882,,
"Smith, Alexandra, et al. ""Rapid recovery of depleted abalone in Isla Natividad, Baja California, Mexico."" Ecosphere 13.3 (2022): e4002.",species,temperate,na,,benthic,Haliotis corrugata,pink abalone,temperate_northern_pacific,size_structure,reproduction,no_effect,inside/outside study,"Baja California Sur, multiple sites","27.04827952794199, -114.4446881856768",27.04827953,-114.4446882,,
"Smith, Alexandra, et al. ""Rapid recovery of depleted abalone in Isla Natividad, Baja California, Mexico."" Ecosphere 13.3 (2022): e4002.",species,temperate,na,,benthic,Haliotis fulgens,green abalone,temperate_northern_pacific,abundance,mortality,positive_population,inside/outside study,"Baja California Sur, multiple sites","27.04827952794199, -114.4446881856768",27.04827953,-114.4446882,"improved recovery inside reserves, but not resistance",
"Smith, Alexandra, et al. ""Rapid recovery of depleted abalone in Isla Natividad, Baja California, Mexico."" Ecosphere 13.3 (2022): e4002.",species,temperate,na,,benthic,Haliotis fulgens,green abalone,temperate_northern_pacific,body_size,body_size,positive_population,inside/outside study,"Baja California Sur, multiple sites","27.04827952794199, -114.4446881856768",27.04827953,-114.4446882,,
"Smith, Alexandra, et al. ""Rapid recovery of depleted abalone in Isla Natividad, Baja California, Mexico."" Ecosphere 13.3 (2022): e4002.",species,temperate,na,,benthic,Haliotis fulgens,green abalone,temperate_northern_pacific,size_structure,reproduction,no_effect,inside/outside study,"Baja California Sur, multiple sites","27.04827952794199, -114.4446881856768",27.04827953,-114.4446882,,
"Smith, Joshua G., et al. ""A marine protected area network does not confer community structure resilience to a marine heatwave across coastal ecosystems."" Global Change Biology 29.19 (2023): 5634-5651.",community,temperate,intertidal,,na,na,na,temperate_northern_pacific,community_structure,mortality,positive_ecosystem,inside/outside study,"California central coast, multiple sites","35.5547069165332, -121.1895042321675",35.55470692,-121.1895042,resistance & recovery,includes macroalgal and conspicuos mobile & sessile invertebrates
"Smith, Joshua G., et al. ""A marine protected area network does not confer community structure resilience to a marine heatwave across coastal ecosystems."" Global Change Biology 29.19 (2023): 5634-5651.",community,temperate,kelp_forest,,na,na,na,temperate_northern_pacific,community_structure,mortality,no_effect,inside/outside study,"California central coast, multiple sites","35.5547069165332, -121.1895042321675",35.55470692,-121.1895042,no resistance or recovery,"includes macroalgal, conspicuos mobile & sessile invertebrates, and fishes"
"Smith, Joshua G., et al. ""A marine protected area network does not confer community structure resilience to a marine heatwave across coastal ecosystems."" Global Change Biology 29.19 (2023): 5634-5651.",community,temperate,shallow_reef,,all_fish,na,na,temperate_northern_pacific,community_structure,mortality,no_effect,inside/outside study,"California central coast, multiple sites","35.5547069165332, -121.1895042321675",35.55470692,-121.1895042,some indication of possible recovery,
"Smith, Joshua G., et al. ""A marine protected area network does not confer community structure resilience to a marine heatwave across coastal ecosystems."" Global Change Biology 29.19 (2023): 5634-5651.",community,temperate,deep_reef,,all_fish,na,na,temperate_northern_pacific,community_structure,mortality,no_effect,inside/outside study,"California central coast, multiple sites","35.5547069165332, -121.1895042321675",35.55470692,-121.1895042,highly variable,
"Srednick, Griffin, and Stephen E. Swearer. ""Effects of protection and temperature variation on temporal stability in a marine reserve network."" Conservation Biology 38.3 (2024): e14220.",community,temperate,rocky_reef,,prey_species,na,na,temperate_northern_pacific,competition_strength,mortality,positive_ecosystem,inside/outside study,"Channel Islands, multiple sites","34.005159347758585, -119.95795537999616",34.00515935,-119.9579554,"no effect at the community level, but positive (higher competition) at the metacommunity level",
"Srednick, Griffin, and Stephen E. Swearer. ""Effects of protection and temperature variation on temporal stability in a marine reserve network."" Conservation Biology 38.3 (2024): e14220.",community,temperate,rocky_reef,,prey_species,na,na,temperate_northern_pacific,predation_strength,mortality,positive_ecosystem,inside/outside study,"Channel Islands, multiple sites","34.005159347758585, -119.95795537999616",34.00515935,-119.9579554,,
"Srednick, Griffin, and Stephen E. Swearer. ""Effects of protection and temperature variation on temporal stability in a marine reserve network."" Conservation Biology 38.3 (2024): e14220.",community,temperate,rocky_reef,,prey_species,na,na,temperate_northern_pacific,prey_species_synchrony,phenology,positive_ecosystem,inside/outside study,"Channel Islands, multiple sites","34.005159347758585, -119.95795537999616",34.00515935,-119.9579554,,
"Srednick, Griffin, and Stephen E. Swearer. ""Effects of protection and temperature variation on temporal stability in a marine reserve network."" Conservation Biology 38.3 (2024): e14220.",community,temperate,rocky_reef,,na,na,na,temperate_northern_pacific,trophic_network_temporal_stability,mortality,negative_ecosystem,inside/outside study,"Channel Islands, multiple sites","34.005159347758585, -119.95795537999616",34.00515935,-119.9579554,,may be due to increased competition strenght of prey taxa
"Strain, Elisabeth MA, et al. ""A global assessment of the direct and indirect benefits of marine protected areas for coral reef conservation."" Diversity and Distributions 25.1 (2019): 9-20.",community,tropical,coral_reef,,benthic,na,na,global,community_composition,habitat_formation,positive_ecosystem,inside/outside study,30 MPAs across 28 ecoregions,NA,NA,,small effect,"Unsurprisingly,  we  found MPA protection         had         greater        benefits        for        enhancing  the        biomass         of        carnivorous  and        herbivorous         fishes,         which        are        often   targeted         by        local        fisheries,         than         for        the   cover        of        live        corals."
"Strain, Elisabeth MA, et al. ""A global assessment of the direct and indirect benefits of marine protected areas for coral reef conservation."" Diversity and Distributions 25.1 (2019): 9-20.",community,tropical,coral_reef,,herbivorous_fish,na,na,global,biomass,mortality,positive_ecosystem,inside/outside study,30 MPAs across 28 ecoregions,NA,NA,,,
"Strain, Elisabeth MA, et al. ""A global assessment of the direct and indirect benefits of marine protected areas for coral reef conservation."" Diversity and Distributions 25.1 (2019): 9-20.",community,tropical,coral_reef,,piscivorous_fish,na,na,global,biomass,mortality,positive_ecosystem,inside/outside study,30 MPAs across 28 ecoregions,NA,NA,,,
"Toth, L. T., et al. ""Do no-take reserves benefit Florida’s corals? 14 years of change and stasis in the Florida Keys National Marine Sanctuary."" Coral Reefs 33 (2014): 565-577",assemblage,tropical,coral_reef,,hard_coral,na,na,tropical_atlantic,coral_cover,habitat_formation,no_effect,inside/outside study,Florida Keys National Marine Sanctuary,"24.593560197246095, -81.52309176706174",24.5935602,-81.52309177,,
"Wenger, Amelia S., et al. ""Effects of reduced water quality on coral reefs in and out of no‐take marine reserves."" Conservation Biology 30.1 (2016): 142-153.",assemblage,tropical,coral_reef,,hard_coral,na,na,central_indo_pacific,coral_cover,habitat_formation,negative_ecosystem,inside/outside study,Great Barrier Reef Marine Park,"-23.132116116952705, 150.92963170745068",-23.13211612,150.9296317,resilience decrease with subsequent disturbance events,"predation and herbivory explained most of variation in live coral cover. ""Primary water exposure did not explain any of the variation in coral cover from 2007 to 2009"""
"Wenger, Amelia S., et al. ""Effects of reduced water quality on coral reefs in and out of no‐take marine reserves."" Conservation Biology 30.1 (2016): 142-153.",assemblage,tropical,coral_reef,,macroalgal,na,na,central_indo_pacific,macroalgal_cover,habitat_formation,negative_ecosystem,inside/outside study,Great Barrier Reef Marine Park,"-23.132116116952705, 150.92963170745068",-23.13211612,150.9296317,,
"Wenger, Amelia S., et al. ""Effects of reduced water quality on coral reefs in and out of no‐take marine reserves."" Conservation Biology 30.1 (2016): 142-153.",assemblage,tropical,coral_reef,,algal_croppers,na,na,central_indo_pacific,density,mortality,no_effect,inside/outside study,Great Barrier Reef Marine Park,"-23.132116116952705, 150.92963170745068",-23.13211612,150.9296317,,
"Wenger, Amelia S., et al. ""Effects of reduced water quality on coral reefs in and out of no‐take marine reserves."" Conservation Biology 30.1 (2016): 142-153.",assemblage,tropical,coral_reef,,turf_croppers,na,na,central_indo_pacific,density,mortality,no_effect,inside/outside study,Great Barrier Reef Marine Park,"-23.132116116952705, 150.92963170745068",-23.13211612,150.9296317,,
"Wenger, Amelia S., et al. ""Effects of reduced water quality on coral reefs in and out of no‐take marine reserves."" Conservation Biology 30.1 (2016): 142-153.",assemblage,tropical,coral_reef,,macro-algal_browsers,na,na,central_indo_pacific,density,mortality,no_effect,inside/outside study,Great Barrier Reef Marine Park,"-23.132116116952705, 150.92963170745068",-23.13211612,150.9296317,,
"Wenger, Amelia S., et al. ""Effects of reduced water quality on coral reefs in and out of no‐take marine reserves."" Conservation Biology 30.1 (2016): 142-153.",assemblage,tropical,coral_reef,,na,na,territorial damselfish,central_indo_pacific,density,mortality,no_effect,inside/outside study,Great Barrier Reef Marine Park,"-23.132116116952705, 150.92963170745068",-23.13211612,150.9296317,,
"Wilson, Shaun K., et al. ""Effect of macroalgal expansion and marine protected areas on coral recovery following a climatic disturbance."" Conservation Biology 26.6 (2012): 995-1004.",assemblage,tropical,coral_reef,,benthic,na,na,western_indo_pacific,benthic_cover,habitat_formation,no_effect,inside/outside study,"Ste Anne Marine National Park, Curieuse Marine National Park, Baie Ternay Marine National Park (Seychelles, multiple sites)","-4.475918697905659, 55.529982809882945",-4.475918698,55.52998281,,"""Sites within MPAs had faster rates of coral recovery than sites in fished areas only where cover of macroalgae was low and had not increased over time. In MPAs where macroalgae cover expanded since 1998 there was no recovery."""
"Ziegler, Shelby L., et al. ""Marine protected areas, marine heatwaves, and the resilience of nearshore fish communities."" Scientific Reports 13.1 (2023): 1405.",assemblage,temperate,rocky_reef,,target_fish,na,na,temperate_northern_pacific,taxonomic_diversity,mortality,positive_ecosystem,inside/outside study,"Central California, multiple sites","36.051796218977756, -121.64972854895616",36.05179622,-121.6497285,"Specifically, we observed that marine reserves were more resistant to functional changes and taxonomic diversity recovered more rapidly from the MHW than in references areas open to fishing.",
"Ziegler, Shelby L., et al. ""Marine protected areas, marine heatwaves, and the resilience of nearshore fish communities."" Scientific Reports 13.1 (2023): 1405.",assemblage,temperate,rocky_reef,,target_fish,na,na,temperate_northern_pacific,community_composition,mortality,negative_ecosystem,inside/outside study,"Central California, multiple sites","36.051796218977756, -121.64972854895616",36.05179622,-121.6497285,communities in MPAs changed to a greater extent than communities in reference sites during and after the heatwave. shift towards warm-water affinity species and planktivorous species,
"Ziegler, Shelby L., et al. ""Marine protected areas, marine heatwaves, and the resilience of nearshore fish communities."" Scientific Reports 13.1 (2023): 1405.",assemblage,temperate,rocky_reef,,target_fish,na,na,temperate_northern_pacific,functional_diversity,mortality,positive_ecosystem,inside/outside study,"Central California, multiple sites","36.051796218977756, -121.64972854895616",36.05179622,-121.6497285,"""However, the proportional decline was dampened inside the MPA with only a 30% decline compared to 43% decline in areas open to fishing driven by a smaller loss of piscivores and an increase in the biomass of mixed carnivores inside the MPAs. This further suggests that MPAs may be more resistant to climatic disturbance events by maintaining higher functional diversity."" ""Taxonomic diversity recovered 75% faster in the MPA""",
"Ziegler, Shelby L., et al. ""Marine protected areas, marine heatwaves, and the resilience of nearshore fish communities."" Scientific Reports 13.1 (2023): 1405.",assemblage,temperate,rocky_reef,,target_fish,na,na,temperate_northern_pacific,richness,mortality,positive_ecosystem,inside/outside study,"Central California, multiple sites","36.051796218977756, -121.64972854895616",36.05179622,-121.6497285,,
"Ziegler, Shelby L., et al. ""Marine protected areas, marine heatwaves, and the resilience of nearshore fish communities."" Scientific Reports 13.1 (2023): 1405.",assemblage,temperate,rocky_reef,,target_fish,na,na,temperate_northern_pacific,diversity,mortality,positive_ecosystem,inside/outside study,"Central California, multiple sites","36.051796218977756, -121.64972854895616",36.05179622,-121.6497285,,
"Ziegler, Shelby L., et al. ""Marine protected areas, marine heatwaves, and the resilience of nearshore fish communities."" Scientific Reports 13.1 (2023): 1405.",assemblage,temperate,rocky_reef,,target_fish,na,na,temperate_northern_pacific,evenness,mortality,positive_ecosystem,inside/outside study,"Central California, multiple sites","36.051796218977756, -121.64972854895616",36.05179622,-121.6497285,,
"Ziegler, Shelby L., et al. ""Marine protected areas, marine heatwaves, and the resilience of nearshore fish communities."" Scientific Reports 13.1 (2023): 1405.",assemblage,temperate,rocky_reef,,na,na,Gopher rockfish,temperate_northern_pacific,biomass,mortality,positive_ecosystem,inside/outside study,"Central California, multiple sites","36.051796218977756, -121.64972854895616",36.05179622,-121.6497285,,
"Ziegler, Shelby L., et al. ""Marine protected areas, marine heatwaves, and the resilience of nearshore fish communities."" Scientific Reports 13.1 (2023): 1405.",assemblage,temperate,rocky_reef,,na,Sebastes caurinus,Copper rockfish,temperate_northern_pacific,biomass,mortality,positive_ecosystem,inside/outside study,"Central California, multiple sites","36.051796218977756, -121.64972854895616",36.05179622,-121.6497285,,
"Ziegler, Shelby L., et al. ""Marine protected areas, marine heatwaves, and the resilience of nearshore fish communities."" Scientific Reports 13.1 (2023): 1405.",assemblage,temperate,rocky_reef,,na,na,Olive rockfish,temperate_northern_pacific,biomass,mortality,positive_ecosystem,inside/outside study,"Central California, multiple sites","36.051796218977756, -121.64972854895616",36.05179622,-121.6497285,,
"Ziegler, Shelby L., et al. ""Marine protected areas, marine heatwaves, and the resilience of nearshore fish communities."" Scientific Reports 13.1 (2023): 1405.",assemblage,temperate,rocky_reef,,na,Sebastes miniatus,Vermilion rockfish,temperate_northern_pacific,biomass,mortality,positive_ecosystem,inside/outside study,"Central California, multiple sites","36.051796218977756, -121.64972854895616",36.05179622,-121.6497285,,
"Ziegler, Shelby L., et al. ""Marine protected areas, marine heatwaves, and the resilience of nearshore fish communities."" Scientific Reports 13.1 (2023): 1405.",assemblage,temperate,rocky_reef,,na,Ophiodon elongatus,Lingcod,temperate_northern_pacific,biomass,mortality,negative_ecosystem,inside/outside study,"Central California, multiple sites","36.051796218977756, -121.64972854895616",36.05179622,-121.6497285,,
"Ziegler, Shelby L., et al. ""Marine protected areas, marine heatwaves, and the resilience of nearshore fish communities."" Scientific Reports 13.1 (2023): 1405.",assemblage,temperate,rocky_reef,,na,Sebates flavidus,Yellowtail rockfish,temperate_northern_pacific,biomass,mortality,negative_ecosystem,inside/outside study,"Central California, multiple sites","36.051796218977756, -121.64972854895616",36.05179622,-121.6497285,,
"Ziegler, Shelby L., et al. ""Marine protected areas, marine heatwaves, and the resilience of nearshore fish communities."" Scientific Reports 13.1 (2023): 1405.",assemblage,temperate,rocky_reef,,na,Sebastes atrovirens,Kelp rockfish,temperate_northern_pacific,biomass,mortality,negative_ecosystem,inside/outside study,"Central California, multiple sites","36.051796218977756, -121.64972854895616",36.05179622,-121.6497285,,